Learn Web Designing & HTML5/CSS3 Essentials in 4-Hours,75,43285,525,2013-01-03T00:55:31Z
Learning Dynamic Website Design - PHP MySQL and JavaScript,50,47886,285,2012-06-18T16:52:34Z
ChatBots: Messenger ChatBot with API.AI and Node.JS,50,2577,529,2016-06-30T16:57:08Z
Projects in HTML5,60,8777,206,2014-06-17T05:43:50Z
Programming Foundations: HTML5 + CSS3 for Entrepreneurs 2015,20,23764,490,2015-10-17T04:52:25Z
How To Make A Wordpress Website 2017 | Divi Theme Tutorial,40,3541,202,2017-01-26T22:15:02Z
Build Your Own Backend REST API using Django REST Framework,50,2669,112,2017-04-27T19:21:11Z
Angular and Firebase - Build a Web App with Typescript,150,1966,359,2016-09-27T21:46:03Z
Web Development Masterclass - Complete Certificate Course,200,4090,178,2016-10-12T03:14:13Z
Spring Boot Tutorial For Beginners,40,2578,210,2017-01-23T15:13:53Z
The Complete Bootstrap Masterclass Course - Build 4 Projects,195,24978,540,2015-10-27T20:27:11Z
Scaling Docker on AWS,25,3133,351,2016-03-28T17:51:04Z
Learn JavaScript for beginners,200,15276,167,2017-03-16T20:57:12Z
HTML Tutorial: HTML & CSS for Beginners,20,12458,253,2011-09-09T15:28:59Z
Learn by Doing: Vue JS 2.0 the Right Way,95,1087,220,2016-11-07T17:53:40Z
Learn Complete Web Development From Scratch,40,14074,106,2013-10-23T09:23:00Z
Introduction to Web Development: HTML,20,26800,333,2014-02-13T20:39:33Z
Web Site for Beginners - Learn Web Building like knitting,20,9425,147,2016-08-10T00:40:59Z
How To Make A Wordpress Website 2017 - Divi Theme Tutorial,40,2780,94,2017-01-26T17:16:27Z
Web Programming with Python,50,35267,217,2012-04-25T00:01:43Z
PHP Login and Registration System - Email Confirm Activation,100,2607,317,2015-11-26T23:56:12Z
PSD to Responsive HTML5: Beginner to Advanced,40,1502,218,2016-10-03T21:11:56Z
Ultimate Web Developer Course Build 10 Websites from Scratch,200,9359,110,2016-10-10T15:09:14Z
Rapid Website Design with Bootstrap,200,14842,131,2016-12-02T00:45:36Z
Build Enterprise Applications with Angular 2 (and Angular 4),190,6082,848,2016-11-22T14:55:35Z
Angular 4 (2+) Crash Course for Beginners,120,12366,506,2017-06-23T00:35:49Z
Accelerated JavaScript Training,110,4720,1017,2016-07-12T18:23:35Z
"Beginner API development in Node, Express, ES6, & MongoDB",165,7057,655,2016-11-12T18:53:51Z
React JS and Redux - Mastering Web Apps,60,16829,820,2017-01-19T04:58:10Z
Web Development w/ Googleâ€™s Go (golang) Programming Language,65,4872,662,2017-01-17T22:30:33Z
Git a Web Developer Job: Mastering the Modern Workflow,200,5809,1445,2016-08-28T17:54:07Z
The Complete WordPress Website Business Course,150,13439,1981,2016-11-01T23:50:51Z
The Complete HTML and CSS Course For Beginners,85,733,104,2017-06-20T16:05:46Z
Learn  Bootstrap Development By Building 10 Projects,60,14813,1358,2015-02-23T12:04:53Z
Advanced Javascript,200,6601,1304,2015-11-21T06:56:33Z
Dissecting Ruby on Rails 5 - Become a Professional Developer,195,2804,418,2017-02-07T00:40:33Z
The Complete Wordpress Course - Build Your Own Website Today,195,9421,73,2015-08-25T00:03:06Z
JQuery Essentials core training for Dynamic Interactive web,100,9668,38,2015-11-20T17:22:00Z
Node.js: The Essentials + API Frameworks Express KOA Sails,20,2760,52,2017-02-16T21:59:01Z
The Complete PHP Bootcamp Course With Video Sharing Project,195,9831,56,2017-03-21T23:50:38Z
Build a Single Page Application with jQuery & AJAX,60,486,59,2017-02-18T01:13:09Z
Practical CSS Website Development: Crash Course ,95,11170,35,2016-02-02T21:05:27Z
Successful website creation - everything you need to know,150,9384,21,2015-10-22T22:54:30Z
Start Writing JavaScript Today - Beginner JavaScript Course,100,9067,41,2017-03-08T22:34:43Z
HTML5 Essentials for Beginners,20,10247,200,2014-03-14T21:46:36Z
Code a personal splash page in 1 hour,20,10610,83,2014-02-12T21:27:40Z
Step-by-step HTML and CSS for Absolute Beginners,120,6162,324,2013-08-26T19:10:57Z
Angular 4 Development Decoded,20,1802,13,2017-06-21T16:37:46Z
Javascript ES6! A Complete Reference Guide to Javascript ES6,175,4783,41,2017-04-20T16:22:34Z
Reactive JS:  Are you ready for the next big paradigm shift?,60,2097,401,2016-02-23T16:50:16Z
Learn Python and Django: Payment Processing,70,17714,198,2015-02-09T15:37:56Z
Code your first Website using HTML & CSS: Project Learning,20,9554,368,2015-10-28T18:16:52Z
"React.js: Building Production Ready Apps, Start to Finish",50,1129,137,2016-11-10T23:48:22Z
Learn Object Oriented Programming PHP fundamentals bootcamp,100,22213,142,2015-08-11T18:52:58Z
Javascript Intermediate level 2 - Mastering Functions,100,2412,116,2016-08-30T18:20:56Z
1 Hour CSS,100,18324,333,2013-07-09T20:27:14Z
"Become a Full Stack Developer with Spring, AWS and Stripe",75,1696,193,2016-07-08T15:47:58Z
Complete JQuery And JQuery UI Course For Beginner,80,7169,277,2016-10-27T21:56:49Z
Learn JavaScript for Web Development,75,12893,220,2016-10-12T16:41:11Z
"Complete AJAX Using Bootstrap, PHP From Basic To Advanced.",195,4708,111,2016-10-06T04:49:57Z
Complete Wordpress Theme Development Course,150,1050,223,2016-07-23T20:07:17Z
How to Optimise Your WordPress Website's Speed & Security to Improve SEO & User Experience,125,7852,46,2015-03-02T19:03:21Z
Build A Web App With Spring Framework and Angular 2,145,1683,340,2016-05-08T18:47:05Z
Projects in Laravel: Learn Laravel Building 10 Projects,50,119,6,2017-06-15T20:29:49Z
Javascript Intermediate level 3 - JSON,100,1735,76,2016-08-30T17:48:52Z
Develop Your First App in an Hour,20,3699,201,2016-05-17T17:22:35Z
PHP: Ultimate guide to PHP for everyone,115,10103,75,2016-05-29T17:49:28Z
JavaScript DOM Dynamic Web interactive content Boot Camp,75,7380,43,2015-07-30T16:52:34Z
"Master JavaScript Programming, 3 Projects Included !!",20,3903,53,2017-06-27T23:16:24Z
HTML CSS Learn to create a website from scratch,50,4892,49,2016-08-04T21:40:35Z
Complete Codeigniter: From Beginner to Advanced,200,2786,31,2017-01-24T22:09:52Z
HTML 5: How I made websites in HTML5,135,15064,237,2014-10-23T19:43:16Z
"Build Responsive Website Using HTML5, CSS3, JS And Bootstrap",95,22623,783,2016-06-20T18:48:26Z
Complete React JS web developer with ES6 - Build 10 projects,200,952,121,2017-03-22T20:09:26Z
Complete WordPress Theme Developer Course With Bootstrap,150,3415,312,2016-07-01T20:06:13Z
The Complete Ethical Hacking Course 2.0: Python & Kali Linux,195,7827,268,2016-09-26T15:08:29Z
Dynamic JavaScript Master Class AJAX JSON Simple APIs,200,9773,117,2016-10-24T15:36:40Z
Vue JS - Mastering Web Apps,80,13457,215,2017-04-06T16:57:56Z
Angular NgRx Store Masterclass - Covers Angular 4,150,1399,212,2017-01-19T00:35:43Z
JavaScript the Basics - JavaScript for Beginners,120,4028,674,2016-06-09T15:13:54Z
"Complete E-Commerce Course - Java,Spring,Hibernate and MySQL",195,1371,165,2017-01-16T23:50:02Z
"Learn SVG Animation - With HTML, CSS & Javascript",65,12953,680,2016-09-12T18:51:32Z
"Build a Responsive Website with HTML5, CSS3 and Bootstrap 4",20,5125,395,2016-08-09T17:53:33Z
Learn Web Designing & HTML5/CSS3 Essentials in 4-Hours,75,43285,525,2013-01-03T00:55:31Z
CSS Development (with CSS3!),20,25864,188,2012-10-31T16:39:49Z
Angular 2 & TypeScript Beginner Web Development,200,5211,414,2016-11-14T00:44:48Z
The Docker for DevOps course: From development to production,25,8234,1111,2015-11-13T17:30:34Z
"Beginner Full Stack Web Development: HTML, CSS, React & Node",200,2687,331,2017-03-31T05:35:11Z
Learn Angular 2 Development By Building 12 Apps,50,5143,941,2016-07-01T21:20:38Z
"Server API Development in Swift, Kitura, & Bluemix",200,1827,129,2017-03-08T23:09:32Z
React VR - Creating Virtual Reality Apps,80,5026,72,2017-05-17T20:36:49Z
RxJs & Reactive Programming Angular Masterclass - Angular 4,150,1301,179,2017-04-11T18:48:57Z
"Coding for Entrepreneurs: Learn Python, Django, and More.",195,23412,799,2013-04-08T00:46:14Z
React and Flux Web Development for Beginners,100,8691,836,2015-12-15T20:30:28Z
The Full Stack Web Development,60,3119,453,2016-11-24T00:38:03Z
Learn Nodejs by building 12 projects,50,10150,997,2015-04-22T00:22:43Z
How to Make an Online Portfolio Website from Scratch ,Free,14026,232,2015-10-02T22:59:15Z
How To Make A Web Page With No Code,Free,2214,20,2017-03-23T00:06:48Z
Spring Framework 4 And Dependency Injection For Beginners,Free,21147,1220,2015-01-16T07:45:28Z
Joomla 3 - The Basics,Free,19909,411,2014-02-12T01:54:02Z
jQuery in Action: Build 8 jQuery Projects,100,1385,89,2015-09-12T07:14:48Z
Master WordPress Plugins: Shortcodes Ultimate - The Basics,Free,10780,110,2016-01-14T18:03:09Z
ASP.NET C# - Enterprise Web Systems From Novice to Expert,20,604,8,2017-04-11T05:56:16Z
Wordpress - Create an Outstanding Website in 2 hours,30,1772,13,2015-10-28T22:45:22Z
Complete Website & CMS in PHP & MySQL From Scratch!,20,3357,82,2014-04-18T09:51:00Z
The Complete Web Development Tutorial Using React and Redux,40,796,43,2016-07-25T17:16:45Z
Create and Deploy a Web App in 3 Hours,50,4123,23,2013-12-04T22:49:28Z
HTML & CSS From Scratch in 30 Days,75,2697,64,2013-04-22T18:19:38Z
Getting Started with Craft CMS,20,997,31,2016-11-07T22:03:01Z
JavaScript For Absolute Beginners - Level One,65,713,80,2016-09-19T21:06:29Z
Effective Personal Website Building and Hosting,20,4259,0,2016-04-11T22:36:52Z
Web Design for Web Developers: Build Beautiful Websites!,Free,98867,6512,2015-04-13T18:29:47Z
"Learn Rails: Quickly Code, Style and Launch 4 Web Apps",200,1849,21,2016-08-23T20:46:39Z
Getting Started with NodeJS for Beginners,195,1645,75,2016-05-23T21:14:50Z
Quickstart AngularJS,Free,64128,4047,2014-11-22T12:42:22Z
Byte-Sized-Chunks: Cascading Style Sheets (CSS) with HTML,20,2160,16,2016-03-10T17:20:41Z
Learn Building Your Own Website Without Coding,50,7660,7,2014-03-21T01:53:04Z
Practical Guide to Web Development,20,2025,16,2016-05-02T20:56:01Z
The Complete HTML5 and CSS3 Course,40,1548,30,2016-08-23T16:44:47Z
HTML & CSS for beginners: Build 3 projects from scratch,40,2472,139,2015-01-22T06:47:09Z
Code a 'Coming Soon' Landing Page in Bootstrap 4,Free,13535,473,2016-08-17T05:08:23Z
Introduction to Bootstrap 3,20,5795,79,2013-09-27T03:11:22Z
Master ExpressJS to Build Web Apps with NodeJS&JavaScript,50,2643,56,2016-01-07T02:04:55Z
Learn XML Crash Course: Discover Essential XML Fundamentals ,50,3704,111,2014-06-16T14:00:47Z
HTML5 CSS3 JQUERY Single Page Website Project from Scratch,120,1678,34,2016-02-03T19:22:22Z
Scrape Websites using PhantomJS and CasperJS,195,960,110,2016-02-26T18:21:13Z
Amazon s3 Mastery - THE How-To' Guides For Amazon S3,95,1811,118,2015-03-18T21:27:54Z
HTML and CSS Crash Course for Beginners,50,4123,46,2014-05-30T22:23:01Z
EMMET Faster HTML & CSS workflow - Best Tool For Developers ,Free,26697,1097,2015-04-09T16:36:06Z
Introduction to Web Development,50,5921,35,2014-03-11T19:43:30Z
AngularJS For ASP.NET MVC Developers,50,3011,57,2015-02-23T15:11:20Z
Serverless Workflow Management with AWS Step Functions,Free,8768,173,2016-12-09T03:39:22Z
How to set up a Web Server From Scratch to One Fully Managed,200,1673,31,2017-05-09T14:39:56Z
The Complete PHP MySQL Professional Course with 5 Projects,200,16158,159,2017-06-07T05:58:36Z
Angular Masterclass,150,4057,359,2016-05-09T22:29:32Z
Become a Professional Web Developer | Version 3.0,200,6851,276,2014-01-21T12:31:24Z
Build Incredible Chatbots,100,2234,253,2016-11-02T20:39:41Z
Try Django 1.10 | Create a URL Shortening Service,50,9607,78,2016-10-24T18:14:43Z
Projects in CSS,60,4689,216,2014-09-23T06:13:59Z
Ruby on Rails: Training and Skills to Build Web Applications,95,9375,219,2014-01-10T18:41:55Z
Learn and Understand React,30,4848,105,2017-03-23T16:20:05Z
Learn Javascript & JQuery From Scratch,30,84897,2685,2013-10-10T15:19:29Z
Learn to use JSON,150,12838,96,2016-03-11T18:30:18Z
The Ultimate Web Developer How To Guide,200,24861,423,2015-11-26T04:31:11Z
"Build A Complete CRUD Application With PHP, MYSQL & JQUERY",20,9762,94,2016-11-01T15:30:36Z
jQuery Crash Course: Learn the Essentials of jQuery Fast,50,11262,142,2015-01-07T03:12:34Z
Drupal Tutorial : Drupal 8 Beginner to Expert in 8 PROJECTS,200,1270,16,2017-05-01T23:07:05Z
The Complete PHP CodeIgniter Course: Beginner To Advanced,195,17895,212,2015-12-29T20:19:39Z
JavaScript For Beginners : Learn JavaScript From Scratch,195,11285,102,2017-02-07T17:20:39Z
"Mastering 'Native CSS Shapes To Build Modern Web Pages""",195,1040,5,2017-05-29T17:44:48Z
WordPress Development For Beginners,95,23572,210,2016-06-20T18:46:15Z
WordPress local server setup and site migration online,55,3801,43,2017-01-03T22:28:01Z
PHP Fundamentals - Start Earning The Top Dollars You Deserve,195,12068,81,2016-04-05T16:50:51Z
Interactive Dynamic JavaScript for beginners DOM,200,5559,35,2017-04-18T17:16:33Z
Javascript Intermediate level 1 - Mastering the DOM,100,1838,169,2016-08-30T19:52:11Z
Sublime Text for Rapid Web Development,20,2104,69,2017-01-19T23:07:26Z
Servlets and JSPs Tutorial: Learn Web Applications With Java,35,15187,970,2012-09-10T23:52:58Z
Projects in PHP and MySQL,60,10606,570,2014-07-25T11:11:41Z
PHP OOP: Object Oriented Programming for beginners + Project,200,6497,901,2015-06-03T22:40:09Z
React Redux React-Router: From Beginner to Paid Professional,20,11536,876,2016-08-25T22:22:25Z
Django Core | A Reference Guide to Core Django Concepts,195,16282,303,2016-10-29T19:28:45Z
"Angular 2 Complete E-Commerce App Course - Java,Spring,MySQL",195,949,129,2017-03-27T16:46:54Z
"Build An Online Bank With Java, Angular 2, Spring and More",195,1995,286,2016-11-01T15:42:30Z
The Complete jQuery Course: From Beginner To Advanced!,195,6636,302,2016-05-26T19:10:29Z
Projects in AngularJS - Learn by building 10 Projects,40,7146,629,2015-06-25T19:00:56Z
The Ultimate Vue JS 2 Developers Course,195,1703,292,2016-12-16T14:59:21Z
React JS - Build real world JS apps & deploy on cloud,175,12815,262,2017-02-12T15:17:31Z
Angular 4 Front To Back,40,44,0,2017-07-06T15:04:55Z
"Modern Web Development with SASS, Gulp, NPM & Web Workflows",95,502,62,2016-12-31T03:11:31Z
"HTML5, CSS3 And JavaScript Fundamentals 2016",115,627,125,2016-09-01T16:48:58Z
"Angular 4 - Concepts, Code and Collective Wisdom",50,851,164,2016-04-20T16:29:03Z
Learn E-Commerce Website in PHP & MySQL From Scratch!,Free,29990,1342,2014-08-10T10:27:28Z
JavaScript Game Development: Create Your Own Breakout Game,Free,10179,314,2016-09-26T23:44:51Z
HTML and HTML5 For Beginners 2016,200,563,178,2016-08-11T22:16:30Z
A Very Complete Introduction To Laravel,20,2320,114,2014-08-24T16:47:54Z
"Learn to code, Become a Web Developer and Master JavaScript!",200,2353,47,2015-01-22T14:36:59Z
Serverless Architecture on Amazon Web Services,Free,13210,978,2016-11-30T00:11:26Z
jQuery Essentials: Learn the Fundamental of jQuery,20,1004,43,2016-08-19T00:45:41Z
Expert Guide : Mastering Functions in JavaScript !,195,3015,30,2015-06-19T22:58:29Z
Learn Angular 4 from Scratch,Free,8693,522,2017-05-02T02:38:43Z
Discover HTML Essential guide to HTML how to create webpages,85,8711,44,2015-10-17T05:52:05Z
HTML5 and CSS3 for beginners: Create a Website from Scratch,200,9945,101,2017-02-17T22:15:48Z
Introduction to Web Development,20,18143,159,2013-10-04T13:40:59Z
jQuery Fundamentals Powerful Bootcamp for beginners,150,13882,63,2015-08-04T18:54:44Z
The Complete HTML & CSS Course - From Novice To Professional,195,57422,874,2015-07-27T16:57:52Z
JavaScript Basics Web Development Building Blocks,95,10179,68,2015-08-14T00:27:33Z
Bootstrap unleash the power faster & easier web development,150,18101,88,2015-08-14T22:44:39Z
JavaScript Design Patterns: 20 Patterns for Expert Code,95,2789,243,2015-11-12T19:01:10Z
Fix Google's New 'Not Secure' Warning with Let's Encrypt!,95,1437,24,2017-03-09T23:25:27Z
JavaScript for Beginners Welcome to learning JavaScript,50,10864,63,2016-02-01T19:34:26Z
Benefits of Thinking Mobile First Future of Website Design,75,14254,27,2015-05-13T22:13:53Z
Javascript from Beginner to Advanced Level,195,6134,160,2016-12-19T14:40:00Z
AJAX Development,20,7867,147,2012-05-15T18:03:43Z
Interaction Design Specialist For Web Developers,95,8594,37,2016-07-04T22:11:35Z
PHP Security,50,1892,147,2016-06-15T20:46:15Z
The Bubble Course - Create Complete Web Apps without Coding,30,3960,220,2016-07-24T18:04:32Z
The Complete HTML5 & CSS3 Course Build Professional Websites,195,10518,129,2015-08-11T21:47:20Z
CSS Web Development Crash Course,20,10008,53,2016-12-01T17:33:48Z
Mastering DevOps,100,1023,118,2016-10-21T13:46:19Z
Building Websites Create a fully functional Web contact form,200,3392,29,2016-10-06T20:52:47Z
Create a Dynamic User Registration Form from scratch,100,7213,50,2016-01-09T04:31:40Z
A 13 Hour SQL Server 2014 /ASP.NET/CSS/C#/jQuery Course,35,4183,231,2014-10-12T06:29:05Z
HTML Workshop,20,25854,306,2012-04-08T05:12:43Z
Python for Beginners: Python Programming Language | Tutorial,150,6153,125,2015-06-14T18:18:57Z
Creating Animations using HTML5 Canvas,25,4010,17,2016-06-13T18:58:56Z
Bootstrap 4: Exploring New Features,75,5022,38,2016-05-27T21:28:29Z
Bootstrap 3 -> Profitable WordPress Theme Development!,40,5547,80,2014-10-22T17:39:21Z
Intro to Git,20,2532,291,2016-06-28T21:17:31Z
WordPress Domination #2: Leads & Scarcity,95,2362,4,2017-01-10T17:41:50Z
Learn How to Manage & Customize  Web Sites By Drupal CMS,140,7741,9,2016-12-11T21:05:33Z
Using Modern JavaScript Today,50,1658,185,2016-01-01T18:34:53Z
Up and Running with jQuery,Free,3324,138,2017-02-03T23:23:30Z
Learn How To Build A Professional Web Site By Using Joomla,70,7184,22,2016-08-11T21:03:21Z
Power up HTML5 with JavaScript,100,4442,23,2016-03-15T18:03:33Z
Node Package Manager Course: Build and Publish NPM Modules,30,7196,8,2017-06-06T17:56:50Z
WordPress Look and Feel with Themes,25,2371,10,2016-09-04T19:34:22Z
PHP with Laravel for beginners - Become a Master in Laravel,150,8496,1838,2016-04-21T19:57:39Z
JavaScript 2017: Become Top Rated Web Developer,115,1346,330,2017-05-03T14:15:06Z
The Complete Web Developer Bootcamp - Beginner to Expert,190,14103,1548,2015-01-19T00:23:15Z
Full-Stack Web Apps with Meteor and React,85,3295,531,2016-11-23T23:05:38Z
Angular 4: From Theory to Practice & FREE E-Book,200,4375,622,2016-11-15T21:35:06Z
The Complete Sass & SCSS Course: From Beginner to Advanced,195,12021,660,2016-02-24T16:48:27Z
Become a Certified Web Developer,100,26673,1090,2011-12-20T15:29:25Z
Become a Web Developer from Scratch,120,69186,2408,2011-11-19T21:51:20Z
Ultimate Angular 4 (previously Angular 2) with Bootstrap 4,50,11384,1846,2016-09-19T22:25:38Z
The Ultimate Beginner's Guide to Django,200,2390,497,2016-12-11T22:07:39Z
React JS - Mastering Redux,100,7059,116,2017-06-19T21:39:14Z
Professional Ruby on Rails Developer with Rails 5,200,3179,214,2017-02-19T22:03:15Z
"Ruby on Rails 5 - BDD, RSpec and Capybara",200,1870,193,2016-10-28T00:17:36Z
Back to School Web Development and Programming Bundle,200,18170,117,2013-08-19T14:53:00Z
Complete ASP NET MVC Web Development - Newbie to Ninja!,195,6073,627,2014-11-24T21:10:49Z
The Complete DevOps Engineer Course 2.0 - Java & Kubernetes,195,5335,105,2016-08-06T20:53:04Z
All about NodeJS,50,8755,931,2014-12-19T20:46:50Z
How To Create A Wordpress Website 2016 | NEW Divi Theme 3.0!,40,4144,383,2016-10-13T22:12:07Z
The Complete jQuery Course - From Beginner to Professional!,200,6420,134,2016-06-20T22:59:31Z
Build a complete Fiverr clone with Node + Algolia + Paypal,30,1741,26,2017-05-20T05:38:42Z
The Ultimate Web Development Course,50,9881,329,2013-08-25T16:16:52Z
React From The Ground Up,150,3252,401,2016-05-02T21:59:07Z
Javascript for Beginners Learn by Doing Practical Exercises,100,5089,685,2015-01-31T02:24:19Z
8 Beautiful Ruby on Rails Apps in 30 Days & TDD - Immersive ,100,5962,466,2016-03-08T07:36:40Z
Wordpress Website Mastery 2017,Free,5181,64,2017-01-18T17:01:40Z
How To Make an eCommerce Website With Wordpress 2017,Free,3493,43,2017-05-09T22:08:11Z
Mastering ASP.NET MVC 5 From Scratch Using C#,50,417,65,2016-12-01T20:30:59Z
Start Web Development with GIS Map in JavaScript,60,1599,26,2016-02-28T23:43:19Z
Learn to Build Websites using Twitter Bootstrap,Free,15134,523,2014-04-14T07:51:24Z
Web Development Tools the Pros Use: Code Productivity Hacks,30,2596,11,2015-10-08T18:13:22Z
WordPress : An Overview,45,1783,16,2015-02-02T04:48:51Z
Create Startup Landing Page with Viral Marketing Strategies,Free,12974,120,2015-01-03T01:18:44Z
JavaScript : JavaScript Awesomeness,25,785,20,2016-09-15T18:06:58Z
Mastering CSS 3.0 Selectors,Free,4115,63,2017-02-22T21:57:35Z
WordPress Backup And Restore Fundamentals,Free,13242,131,2014-06-24T19:23:44Z
Learn HTML and CSS to make a Website,20,1154,12,2016-01-28T19:35:51Z
1 Hour HTML,200,16212,514,2013-07-09T03:16:26Z
Angular 2 Crash Course with TypeScript,100,16409,589,2016-06-14T19:26:06Z
Boost your website speed without any coding!,50,1337,28,2017-05-14T17:14:48Z
Professional Rails Code Along,40,1469,237,2016-08-04T03:48:09Z
ASP.NET Web API 2 Hands-On,20,2660,276,2016-06-19T20:10:58Z
Create a MEAN App by Example - Full Stack Course,50,421,26,2017-05-08T18:16:17Z
The Original Complete Web Developer Course.,20,31070,742,2012-10-28T00:13:03Z
Angular 2 From The Ground Up,30,1737,471,2016-06-02T17:52:17Z
Complete Web Development Course + Building 5 Websites!,200,11492,174,2016-03-21T20:14:43Z
WP Plugin Development - Build your own plugin!,200,5439,22,2017-06-13T18:39:12Z
Sass: From Beginner to Advanced,40,8059,231,2016-07-21T15:43:34Z
Build Flat Responsive Website from Scratch - Complete Course,35,12105,144,2013-12-04T13:33:41Z
Wordpress for Beginners - Build a Live Website from Scratch,20,3877,92,2015-09-09T17:53:26Z
"Essential JavaScript, jQuery and AngularJS Training",30,2919,136,2015-07-09T22:41:32Z
The Pro Ruby on Rails Starter,45,2409,90,2015-03-04T18:37:14Z
Unit Testing AngularJS: Build Bugfree Apps That Always Work!,25,2083,213,2016-01-24T21:47:20Z
WordPress Blog : Create a WordPress Website for Beginners,20,2076,8,2017-02-26T18:29:53Z
Introduction to HTML5 Canvas basics of drawing,200,2918,16,2016-03-14T18:51:45Z
"Thoughtful Web Development Course: HTML, Vue.js, PHP, MySQL",200,842,144,2016-10-11T14:18:27Z
Kids Coding - Beginners CSS,100,7130,30,2013-07-25T19:55:43Z
PHP & MySQL - Learn The Easy Way. Master PHP & MySQL Quickly,50,5549,92,2012-12-15T15:22:52Z
Learning Path: Magento: Master and Test Magento 2 with Ease,200,155,9,2017-05-26T17:51:05Z
The Complete hapiJS Course - Go From Beginner To Advanced!,195,1697,64,2016-07-13T15:30:53Z
Ruby On Rails For Web Development,195,2526,185,2014-12-17T19:01:59Z
Create eye-catching WordPress website from scratch,30,2342,15,2016-12-28T19:04:14Z
Become A Web Developer And Seller - Build Websites With HTML,200,21730,61,2013-10-05T12:49:46Z
WordPress Tips and Tricks,200,1117,10,2017-06-08T17:44:18Z
HTML Tutorials : HTML Code for Website Creating,20,2401,15,2017-02-22T17:36:27Z
Complete HTML5 and CSS3 Course +1 Start to Finish Project,200,3887,81,2015-09-07T23:42:50Z
Web Development With HTML CSS BOOTSTRAP JQUERY for Beginners,35,1156,4,2017-05-30T17:15:41Z
HTML5 Specialist: Comprehensive HTML5 Training,100,1385,188,2016-06-22T16:54:51Z
CSS and CSS3 For Absolute Beginners,75,10890,212,2013-11-01T17:12:45Z
Build a Complete JQuery Plugin (Image Pop-up Dialog),20,1126,10,2017-02-23T21:46:18Z
How to create HTML Forms,30,3652,60,2016-04-29T04:48:25Z
ReactJS and Flux: Learn By Building 10 Projects,60,1723,258,2016-02-18T18:18:12Z
How To Make A Business Website In 1 Day With Wix FAST & EASY,20,3759,24,2016-04-18T15:23:27Z
PHP Date and Time Course by Edwin Diaz,40,1653,53,2016-05-03T21:00:53Z
Start Your Own Forum Website in 15 Minutes ,40,5387,38,2015-01-26T16:19:40Z
Hit the ground running with AngularJS with Dion Yang,100,4563,49,2015-11-26T17:16:53Z
Learn CSS Transition and Animation ,100,3757,28,2015-05-27T17:51:19Z
Learn JavaScript from scratch,20,4193,92,2015-07-30T19:00:52Z
WordPress for Beginners - Tutorial - From Novice to Know-How,20,3694,48,2015-08-28T19:41:50Z
RESTful API with Laravel,45,1905,228,2015-02-05T07:42:56Z
Learn Ruby on Rails for Absolute Beginners,195,2875,20,2015-10-14T17:51:26Z
JavaScript Tutorial,180,613,93,2016-10-17T15:07:49Z
Shopping Cart Website from Scratch Ecommerce,200,633,39,2016-11-08T21:51:17Z
Learn By Example: Angular JS,50,1515,32,2016-08-22T19:36:10Z
The Complete front end web developer Bootcamp - 14 projects,200,900,129,2016-08-12T00:30:51Z
WordPress LMS: E-Learning Website Made Easy,20,2382,22,2015-07-08T00:08:54Z
Create An HTML5 Video Player From Scratch,Free,32260,1005,2014-09-05T19:16:53Z
In Depth Web Development Made Easy,25,3249,27,2015-10-30T16:55:44Z
Jquery :basics for beginners,50,1274,34,2016-09-12T19:01:34Z
Web Development By Doing: HTML / CSS From Scratch,Free,72932,2575,2013-09-25T00:42:09Z
Build Your First Website in 1 Week with HTML5 and CSS3,Free,120291,5924,2014-04-08T16:21:30Z
"ASP.NET Core MVC, Quick and Practical",20,387,5,2017-04-25T00:55:41Z
Better way towards CSS using Less and Sass,20,2227,44,2016-02-16T08:11:49Z
JavaScript Complete for beginners with real world Apps,120,2652,33,2016-02-02T21:35:54Z
Creating a Responsive HTML Email,20,2520,183,2013-08-12T13:09:39Z
Angular 2 Demystified,20,3150,69,2015-05-18T20:48:48Z
Learn HTML Fast and Easy!,20,4011,24,2015-08-03T22:01:42Z
How To Setup a Micro-Blog in 3 Easy Steps,25,6937,22,2015-03-20T18:49:20Z
Ruby on Rails for Complete Beginners,35,4839,129,2015-11-02T23:07:56Z
Wordpress for Non-Technical People,150,2346,10,2016-11-15T21:51:28Z
ASP NET CORE - ANGULAR 2 E-Commerce App,200,897,129,2017-01-13T17:06:35Z
Introductory JavaScript Made Easy Training Tutorial,20,9381,138,2014-10-15T15:23:00Z
Become a Heroku Rails Ninja: Expert Level Deployment Tools,50,7090,52,2014-02-15T16:03:28Z
Complete RESPONSIVE Website Design with HTML5 & CSS3,20,2204,6,2017-02-03T04:19:46Z
Pimcore Developer: Implement a Blog from a Bootstrap Theme,95,1212,15,2017-01-24T00:17:39Z
Inspirational Web Development - A Beginner Approach -,20,5328,47,2016-01-24T22:03:49Z
"Learn HTML, A practical guide from scratch to HTML 5",100,5715,52,2015-04-26T12:35:16Z
JavaScript Tutorial: Learn JavaScript Code for Beginners,20,2074,14,2017-03-08T00:24:44Z
Website Secrets: Get a Gorgeous Website on the Cheap,50,12328,15,2014-07-04T08:17:41Z
Ultimate WordPress Plugin Course,100,4537,415,2015-08-20T20:32:31Z
PHP for Beginners: How to Build an E-Commerce Store,100,5117,463,2015-07-17T18:52:45Z
"Build Realtime Apps | React Js, Golang & RethinkDB",60,3854,482,2016-01-29T20:30:27Z
"Master Electron: Desktop Apps using HTML, JavaScript & CSS",165,1902,224,2017-03-21T23:58:01Z
The Complete Web Developer Masterclass: Beginner To Advanced,195,37141,1813,2016-05-18T00:16:26Z
Mastering Micro Services Using Java Spring Boot,195,1649,34,2017-05-17T17:43:14Z
How to Create A Website: An HTML Tutorial and CSS Tutorial,65,3012,260,2016-09-25T20:55:57Z
The Advanced Web Developer Course,100,6890,99,2015-06-03T18:21:21Z
Projects in MongoDB - Learn MongoDB Building Projects,50,4628,247,2015-09-28T20:22:39Z
Learning JavaScript Programming Tutorial. A Definitive Guide,50,17113,380,2012-11-26T13:51:56Z
"The Complete JavaScript, HTML and CSS Tutorial For Beginners",35,244,44,2017-06-29T16:13:18Z
"Build Modern Responsive Website With HTML5, CSS3 & Bootstrap",195,1472,210,2017-02-08T05:44:46Z
The Complete JavaScript Course For Web Development Beginners,195,31499,450,2015-12-29T17:20:32Z
Email Marketing: Send Unlimited Emails via Own Mail Server,35,3539,43,2017-04-19T00:28:15Z
Getting started with JavaScript,200,1415,17,2017-06-27T00:56:40Z
Learn the basics of the Web development: Coding Tactics,40,2965,17,2017-04-29T00:52:53Z
RESTful API with Laravel 5.4: Definitive Guide,145,655,95,2017-04-28T17:44:04Z
Learn AngularJS Step By Step,20,18777,1112,2015-07-07T00:08:10Z
Learn React : The World's Most Lucrative JavaScript Library,50,1591,99,2017-02-08T00:40:08Z
Master Regular Expressions from scratch - All languages,70,1925,27,2017-04-27T20:25:25Z
Try AngularJS: Beginner's Guide to Front End Web Development,50,16926,126,2016-10-13T20:38:03Z
JavaScript Step by Step how to apply it to your web pages,100,13406,78,2015-07-26T17:44:17Z
Explore JavaScript Beginners Guide to Coding JavaScript,200,5739,26,2017-03-12T21:38:57Z
Learn Web Scraping with Node.js,75,16731,137,2015-12-29T21:59:27Z
Getting Started with WordPress 2016,20,1613,21,2016-04-14T05:38:18Z
Learn HTML5 Programming From Scratch,Free,268923,8629,2013-02-14T07:03:41Z
Getting Started with LESS - Beginner Crash Course,25,1780,69,2015-02-12T22:26:09Z
Master ECMAScript 2015 (ES6),Free,7438,441,2016-11-28T22:10:27Z
Learn to Setup Websites from Scratch,Free,21087,154,2014-04-14T11:59:11Z
Create Fast RESTful APIs with Lumen and Homestead by Laravel,60,1157,105,2015-10-25T20:37:23Z
"Build Modern Websites Quick With HTML,CSS and Bootstrap",20,912,17,2016-10-18T15:48:43Z
Twitter Integration customize Tweets with developer API,115,2039,7,2015-12-29T18:12:34Z
Build a Responsive Website with a Modern Flat Design,Free,16527,354,2014-03-26T14:23:06Z
The Ultimate WordPress Boot Camp: Build 7 Websites,125,1000,74,2016-02-26T21:21:01Z
Master the Basics of HTML5 & CSS3: Beginner Web Development,Free,26541,750,2015-05-21T22:47:47Z
Become A Full Stack Web Developer in 14 Days,195,467,20,2016-11-23T04:17:45Z
Projects In ReactJS - The Complete React Learning Course,50,947,108,2016-11-22T04:21:03Z
Beginning Web development Learn the basics of HTML,95,9832,71,2017-01-06T15:14:59Z
Step by Step Build Your Template by Bootstrap 4 from scratch,80,2184,15,2017-03-30T21:59:03Z
Hosting your static website on Amazon AWS S3 service,20,2853,47,2017-05-05T23:42:32Z
JavaScript Rockstar How to create Incredible Useful code,75,16590,51,2015-10-29T18:30:46Z
Spring Core DevOps on AWS,100,1626,115,2016-11-15T21:59:55Z
How to Create a Website Without Coding - WordPress 2016,195,9056,96,2016-02-04T22:22:22Z
PHP Graphic Techniques: CAPTCHA/ Create a verification code,20,8320,73,2015-10-14T18:16:51Z
Introductory To HTML and CSS,50,4106,112,2016-08-27T21:35:25Z
Learn how to convert PSD to HTML and CSS responsive,30,5324,52,2017-02-10T16:51:09Z
PHP User Login Registration Script With All Features,200,5603,46,2016-10-02T19:14:23Z
AJAX : Let's build a COOL project,70,4183,292,2015-03-13T23:11:17Z
Advanced WordPress Topics: Post Types Taxonomies & Metaboxes,95,301,44,2016-07-10T16:04:35Z
Laravel Homestead,Free,3883,110,2016-12-07T03:43:24Z
The Complete TypeScript Programming Guide for Web Developers,40,236,31,2016-10-12T17:02:13Z
JavaScript with BackboneJS and Bootstrap CSS - Advanced,25,1758,37,2012-05-21T18:22:09Z
Ruby on Rails Tutorial: Learn 6 Ruby on Rails SEO Techniques,200,1266,16,2015-05-15T22:10:31Z
XML DOM :basics for beginners,35,920,1,2016-09-26T16:47:11Z
Learn HTML Basics From Scratch,Free,5004,52,2015-12-29T19:01:04Z
Byte-Sized-Chunks: Dynamic Prototypes in Javascript,20,880,6,2016-03-10T18:01:22Z
Build Websites from Scratch with Squarespace,50,342,53,2015-07-16T18:13:28Z
Introduction to web programming for GIS applications,100,205,38,2017-03-13T14:50:48Z
Java Spring Security,40,527,63,2014-11-15T13:54:07Z
Responsive Html5 Theme Development,20,1517,4,2014-06-06T21:51:59Z
Whatâ€™s New in Bootstrap 4,20,130,14,2015-09-07T21:05:06Z
ReactJS Course: Learn JavaScript Library Used by Facebook&IG,50,1018,33,2015-07-07T13:42:32Z
Building a Ruby on Rails Application with Neo4j,Free,4830,38,2015-08-18T19:23:56Z
Sara Learns to Code.  Making an App from Scratch,60,402,20,2016-08-02T19:36:19Z
Ajax  for Beginners: A Very Basic Introduction,65,755,5,2016-01-25T17:57:24Z
Wordpress Essentials: Useful Plugins,25,1087,7,2015-09-15T00:19:49Z
Django by Example,125,170,21,2017-01-13T02:50:03Z
Build A Great Wordpress Website For Your Business in 2 Hours,35,1054,4,2014-06-10T18:24:25Z
Wordpress on AWS: The Easy way to AWS for Free Fast hosting ,40,245,23,2015-08-11T23:47:57Z
Mastering TypeScript,95,353,34,2015-12-29T23:10:30Z
Mastering AngularJS UI Development,95,464,26,2015-09-03T18:55:11Z
Custom Theme Creation for WordPress using HTML5 and CSS3,35,298,20,2015-12-06T17:34:38Z
Create a PHP Contact Form in Bootstrap,20,2238,65,2015-12-27T17:20:38Z
Introduction To Data Analytics Using Microsoft Power BI,45,1764,33,2016-07-13T17:36:30Z
HTML Made Simple For Beginners: Create a One Page Website,65,3380,50,2015-10-14T22:08:17Z
The Complete Web Developer Masterclass: Beginner To Advanced,20,1030,11,2017-05-12T14:45:01Z
Website Builder Software Previews,25,1406,12,2016-12-15T04:55:26Z
Learn How to Create Your Own Social Network,50,4732,5,2015-04-24T23:54:06Z
"Learn By Example: The Foundations of HTML, CSS & Javascript",50,1724,72,2016-02-29T23:04:14Z
JavaScript manipulation of the DOM Document Object Model,20,1618,46,2016-05-13T05:09:09Z
Create Jekyll blog and host it on Github like a Ninja,20,5056,74,2014-12-13T04:48:15Z
Learn React JS from scratch,115,1562,42,2016-10-10T16:01:44Z
Web Security: Common Vulnerabilities And Their Mitigation,50,1547,30,2016-07-14T16:24:08Z
PHP for Beginners,40,2626,95,2015-07-01T18:55:13Z
Make a professional website - 30 Day Guarantee. Discounted!,20,11167,34,2014-06-23T16:03:41Z
Symfony 3: Build a PHP Application with Symfony,20,466,11,2017-04-20T16:15:04Z
Learn ASP.Net Web API 2 for Absolute Beginner,30,1355,14,2017-03-30T00:14:32Z
Build a Website in 30 Minutes,95,5065,40,2015-11-13T18:02:28Z
Google Blogger : How to Create a Blog,20,1763,17,2017-02-24T17:28:52Z
How to Make a Website Without Coding- WordPress & Web Skills,30,6413,107,2015-04-28T17:32:23Z
Learn WCF And Web APIs From Scratch,50,5398,358,2014-10-08T02:50:31Z
How To Build A Website From Scratch + Blogging Blueprint,20,7017,37,2015-04-08T17:39:03Z
Learn To Create Different Website Layouts & Media Queries ,195,6510,45,2015-08-11T22:26:38Z
Build Sign Up and Login Forms With Bootstrap Modal,20,1898,19,2016-11-17T18:55:02Z
"Build a Real Time web app in node.js , Angular.js, mongoDB",20,3299,166,2015-03-04T00:11:45Z
Superb jQuery Course - Become Certified jQuery Developer,95,817,6,2017-05-28T23:56:09Z
How To Build A Facebook Messenger Chat Bot From Scratch,120,1798,20,2017-05-11T16:53:50Z
"Build Your Own Calculator App with Javascript, HTML5 & CSS",50,3688,49,2017-04-13T17:36:32Z
The Complete WordPress Development & Customization Course,100,1611,165,2016-11-07T17:17:16Z
HTML CSS Easy steps to create a web template from scratch,200,11574,78,2015-12-14T19:48:12Z
Learn jQuery AJAX in 1 hour,195,2547,62,2016-10-27T18:01:40Z
Develop Competitive Plugins for WordPress and WooCommerce,150,2063,18,2017-03-30T03:10:37Z
Get Results - Core Principles of Web Development Tricks Tips,75,22355,54,2015-06-23T20:39:16Z
JSON Faster Sleeker & Easier Discover the benefits learn it,200,8577,69,2015-08-12T18:33:31Z
Get to know HTML Learn HTML Basics,200,10674,102,2016-11-22T15:09:59Z
Ultimate Css & JQuery Form Designing From Beginner to Expert,115,783,5,2017-06-09T00:12:57Z
PHP: Complete Registration and Login with Email Verification,20,12781,145,2016-01-27T18:16:28Z
JavaScript from Beginner to Expert,125,5484,439,2015-05-18T21:54:08Z
Build a website HTML5 CSS3 Beginner Course,150,7884,44,2016-02-02T03:54:47Z
Learn Ruby on Rails: Stripe Payment Processing,40,15724,33,2016-11-02T22:09:47Z
WordPress For Beginners | No Coding Required,20,3106,31,2017-04-15T00:32:58Z
jQuery For Beginners : A Basic Introduction,65,6293,165,2015-11-03T18:17:38Z
WordPress Plugins and Widgets,40,8711,29,2016-09-09T18:15:07Z
PHP Essential How to create build Amazing websites with PHP,75,8067,30,2015-11-26T04:12:48Z
HTML CSS JavaScript: Most popular ways to code HTML CSS JS,170,9332,172,2015-11-18T22:45:19Z
Bootstrap 3 Beginners: Create a Professional Landing Page,20,3271,278,2015-09-20T21:04:03Z
Introduction to Node.js for Beginners,125,1367,17,2017-04-24T23:55:11Z
Introduction to Coding with Ruby,45,5077,126,2015-07-22T18:23:06Z
Complete PHP and MySql Course: From Beginner to Professional,200,6508,137,2015-10-05T21:01:37Z
Angular JS Essentials,195,4687,99,2017-01-03T15:31:13Z
How To Setup Web Hosting,Free,11758,242,2015-07-15T23:49:27Z
"Web Application Development using Redis, Express, and Socket",200,300,16,2017-02-09T17:10:16Z
How to Start a WordPress Blog - Complete Beginners Guide!,Free,3784,85,2017-01-02T23:07:34Z
CSS3 Gradients for Web Designers,20,1209,9,2016-08-19T19:19:47Z
Learn ASP NET MVC 5 step by step,20,1428,91,2015-10-06T19:00:39Z
Tumult Hype Pro Basics: HTML5 Animations Made Easier,50,716,32,2016-09-14T17:15:45Z
Web Hosting Set Up and WordPress Installation For Beginners,Free,12563,239,2014-04-09T02:58:17Z
Ruby on Rails 4---A Test-Driven Approach,100,1518,55,2015-02-17T20:34:13Z
AJAX :basics for beginners,35,1241,23,2016-09-10T20:59:38Z
Let's JavaScript!  Code a calculator,35,380,10,2017-02-23T05:36:41Z
JavaScript from Beginner to Advanced,195,395,18,2016-12-20T21:32:57Z
WordPress Theme Academy with Bootstrap,20,1169,110,2015-09-10T00:48:11Z
Building a eCommerce Startup in 4 Hours [Livestream],50,1114,8,2017-04-11T00:40:01Z
Responsive PHP Registration Form: From Scratch,95,5738,9,2017-06-28T23:35:31Z
A-Frame WebVR Programming Tutorial Series (Virtual Reality),40,6648,16,2017-05-24T05:25:53Z
Learn Bootstrap And Make Responsive Websites,25,1605,10,2017-06-11T19:03:19Z
HTML Web Development Crash Course,20,4848,33,2016-08-02T21:33:39Z
Bootstrap Basics: Program Responsive Websites,75,4743,393,2013-08-09T13:02:39Z
Projects with JSON and APIs,20,1520,34,2017-02-18T18:11:07Z
Web Design HTML CSS How to Create a Website from Scratch,50,3601,28,2016-09-03T05:21:37Z
"Create Complete Sign up System using PHP, jQuery and Ajax",200,4033,40,2016-02-15T00:41:18Z
Adobe Flash for Beginners - Build Flash Website From Scratch,200,17071,17,2014-03-01T08:48:55Z
Learn Complete WordPress for Building a Professional Sites,80,13708,92,2016-06-23T23:38:02Z
Devtools 2017: Beginner to Expert w/ Chrome Developer Tools,125,430,54,2017-04-04T21:05:51Z
Bootstrap Essential Training - Create Your Very Own Website,20,2643,34,2016-02-19T18:17:05Z
Angular 2 Jump Start With Typescript,20,1731,90,2015-12-08T14:37:37Z
Learn Plugin Development in WordPress By Building  Projects,60,1313,121,2016-01-11T18:19:15Z
"Build Your Startup with No Coding (Design, Develop & Ship)",30,775,245,2016-06-03T00:16:34Z
The Web Developers Guide: Learn HTML & CSS Fundamentals,20,2243,27,2016-05-01T18:46:29Z
Learn PHP Programming for Absolute Beginners - Lite,20,2749,62,2015-12-15T20:46:34Z
Learn Drupal 8 - With a Live Project,55,2012,15,2017-03-17T00:11:02Z
Supreme NodeJS Course - For Beginners,200,1080,37,2016-11-29T19:03:48Z
CSS3 for beginners,195,3831,15,2015-04-23T17:43:44Z
Javascript for beginners,75,2071,57,2015-10-01T17:14:38Z
Become a Bootstrap Expert: Build 20 Layouts!,35,2755,57,2016-02-08T00:54:34Z
PHP : Learn to upload files to Amazon S3 and use CloudFront,50,1216,36,2016-06-15T22:08:40Z
PHP MySQL: Learn PHP MySQL with Project,20,2314,77,2016-04-21T02:06:22Z
How to Set Up a Self-Hosted Wordpress Website in 30 Minutes,Free,8770,261,2015-09-20T23:05:59Z
Projects in Django and Python,60,1764,53,2014-10-21T07:58:07Z
"Create, Update and Manage Your Own Website Using Drupal 7",120,2837,68,2013-10-16T21:22:35Z
Learn HTML - The programming language to build a webpage!,25,1655,39,2016-01-17T18:25:23Z
Learn To Program JavaScript (in ten easy steps),75,2721,96,2013-05-20T09:36:54Z
Bootstrap :basics for beginners,40,1152,20,2016-09-21T14:49:10Z
Introduction to CSS Development,Free,15493,415,2014-08-18T23:33:20Z
PHP :basics for beginners,45,1562,4,2016-09-28T15:29:17Z
Beginning Oracle WebLogic for Administrators,Free,9786,989,2015-04-15T18:28:50Z
Build an HTML5 and CSS3 Website in 35 Minutes,20,1904,25,2015-03-10T21:52:42Z
Angular 2 Routing: Up And Running,Free,3357,84,2017-02-21T23:34:56Z
Advanced Prezi: Make Amazing Presentations ,30,2200,25,2016-01-24T20:47:28Z
1 hour jQuery,100,5456,133,2013-08-03T14:20:52Z
The WpFASTER WordPress Speed Optimization Master Course,175,2134,215,2015-04-13T20:49:19Z
How to Build Your Own Website with WordPress: A Step-by-Step Guide ,95,4675,15,2015-03-05T01:18:27Z
Build Apps with ReactJS: The Complete Course,40,1433,145,2015-10-22T21:07:29Z
Learn SASS: from beginner to expert,20,1734,9,2016-09-14T17:34:55Z
The complete HTML5 course,20,3461,11,2015-12-02T18:47:34Z
Create a Responsive Website with Bootstrap 3,50,4076,39,2014-10-28T02:25:42Z
Lerning PHP by building website,185,567,63,2016-11-17T16:20:05Z
Learn PHP Object Oriented Features with Simple Examples,20,1723,28,2016-10-05T13:47:13Z
Crash Course - Learn to Create a PHP MVC Framework,50,1282,117,2016-05-01T18:04:29Z
JSON :basics for beginners,45,2052,18,2016-09-09T16:42:59Z
CSSCasts; CSS libraries Plugins Tips & Tricks for Developers,200,1874,40,2016-03-16T21:09:10Z
Complete Guide to Front-End Web Development and Design,200,1119,111,2016-05-23T17:32:24Z
"Build Ajax Web Apps with Laravel 5.2, Bootstrap and jQuery",100,1023,131,2016-03-22T17:14:41Z
Javascript for Beginners,20,3697,195,2011-07-09T05:43:31Z
MongooseJS Essentials - Learn MongoDB for Node.js,Free,21682,1106,2016-03-12T16:04:28Z
Regular Expressions for Beginners - Universal,100,1975,141,2017-01-20T00:54:56Z
Learn Redis from Scratch,40,553,84,2016-07-13T16:39:02Z
WordPress Plugin Development -> Deep dive discovery!,40,2650,19,2015-11-05T22:16:20Z
Learn Ajax and jquery with PHP,20,2964,8,2016-01-07T17:31:41Z
Create a business website with WordPress,50,1624,31,2016-03-14T22:22:28Z
DesktopServer : Install WordPress Locally  - Work Anywhere!,65,1640,22,2015-11-01T22:03:29Z
Understand PHP Arrays and HTTP Request in a Better Way,35,1627,38,2016-05-23T17:05:27Z
Mastering CSS,95,1815,249,2015-06-17T21:54:47Z
The Complete Wordpress Theme Development Guide,25,1011,2,2017-05-19T05:52:32Z
The Complete HMTL5 Course - Go From Beginner To Advanced!,95,2430,15,2016-10-13T21:24:51Z
Learn Jquery from Scratch 2-Hour Training ,20,5318,56,2015-07-16T00:40:57Z
How to Create a Wordpress Website from Scratch - No Coding,20,7018,28,2015-07-30T18:16:29Z
Learn PHP CodeIgniter Framework with AJAX and Bootstrap,75,1634,52,2016-09-13T16:14:43Z
The Complete Guide to JavaScript Development,110,3590,36,2016-01-25T04:46:37Z
Basic HTML CSS and Web Design,30,4030,92,2016-02-19T18:10:13Z
Build Professional WordPress Website,145,4020,95,2015-01-14T09:02:00Z
Ultimate CSS3 Course - From Beginners To Professional,95,2635,25,2016-10-13T22:36:36Z
Code & Grow Rich:  Earn More As An Entrepreneur Or Developer,200,7211,52,2016-02-10T01:09:19Z
Learn by Example : ReactJS,50,1496,37,2016-12-27T19:39:12Z
React.js Quickly: Developing Scalable Web User Interfaces,50,4447,76,2016-04-19T17:27:00Z
JavaScript - Tricks and Workarounds,100,1410,134,2016-04-15T18:47:45Z
Kids Coding - Beginner HTML,20,6628,53,2013-07-19T20:44:50Z
Learn PHP from scratch!!,25,1908,12,2017-04-28T13:57:56Z
PHP with PDO - ULTIMATE Crash Course,50,1248,171,2015-12-06T23:01:34Z
JavaScript for beginners with live examples,195,4587,46,2015-09-29T21:41:16Z
Bootstrap 3 Introduction : Create RESPONSIVE Websites Fast,50,2351,302,2015-01-21T04:02:16Z
Laravel(5.2) PHP Framework  Jump Start for beginners,20,3898,95,2015-12-29T18:54:13Z
Professional WordPress Theme Development For 2017,20,3185,102,2015-05-08T19:10:30Z
Learn Laravel PHP Framework Building Multi User SEO Blog APP,100,557,92,2017-01-04T23:51:26Z
Javascript Specialist,200,408,39,2017-02-23T00:54:07Z
Write PHP Like a Pro: Build a PHP MVC Framework From Scratch,70,1703,435,2016-02-04T22:36:17Z
JavaScript Intro to learning JavaScript web programming,20,17554,94,2015-06-01T20:44:42Z
Crash Course: Fundamentals Of HTML & CSS From Scratch.,20,7368,216,2013-09-20T19:48:56Z
"Laravel, the complete guide with real world projects",200,676,119,2017-02-03T16:28:48Z
VueJS V1 Introduction to VueJS JavaScript Framework,200,3632,28,2016-07-26T16:53:56Z
HTML CSS: Essential steps to learn HTML CSS,145,10576,154,2015-11-11T22:43:15Z
Learn HTML 5 in 1 hour,100,11643,169,2013-08-12T23:26:32Z
Learn Html5 & CSS3 from scratch,20,13960,239,2014-07-26T22:24:03Z
Responsive Web Design: Made Easy,195,5085,106,2014-02-13T08:32:31Z
Parse Server: From Front End to Full Stack,200,1130,162,2016-07-29T00:54:17Z
Codeigniter: How to use Codeigniter that drives knowledge,150,14606,235,2014-07-29T21:39:04Z
jQuery for Beginners - Create Website Animations Easily,100,2971,285,2015-03-24T00:40:39Z
How to Build Chat Bots: From Beginner to Intermediate,140,2814,107,2016-10-03T21:00:58Z
Web Development with BootStrap - 16 Instant Themes Included!,40,1355,45,2015-07-14T20:32:14Z
Install a Wordpress Theme the Correct Way & Charge Others,20,2335,13,2015-09-20T18:51:51Z
Coding for Entrepreneurs Basic,Free,161029,279,2013-06-09T15:51:55Z
The CSS and CSS3 Crash Course,150,2051,99,2013-03-15T16:13:42Z
Build a Business or Personal Website Using Wordpress,200,1069,12,2016-07-25T17:34:51Z
Learn By Example: PHP For Dynamic Websites,50,1439,10,2016-04-06T19:52:40Z
Learn ReactJS: Code Like A Facebook Developer,20,1948,72,2015-08-24T20:31:54Z
Learn to Build Web Apps using D3JS,40,841,99,2015-12-01T23:08:23Z
How to create awesome website and e-commerce in 1 hour,20,937,4,2016-07-18T16:56:23Z
Joomla for Beginners - Learn how to build a website with CMS,95,583,7,2017-01-23T22:41:08Z
Learning Drupal 8,50,577,97,2016-05-11T21:05:20Z
Learn How To Build a Web Application Without Coding,Free,9364,311,2015-03-04T21:44:18Z
Rock Solid Wordpress Security - Secure Web Development,Free,5052,92,2014-12-28T01:13:28Z
Mastering JavaScript,95,694,39,2015-09-04T20:18:51Z
PHP Laravel 5:Creating a CRUD application,45,511,12,2016-11-28T17:44:21Z
XQUERY :basics for beginners,40,937,2,2016-09-27T15:26:05Z
PHP Development with the Laravel Framework,50,1611,24,2014-03-11T20:40:48Z
WordPress Development - Themes and Plugins Complete Guide,200,103,11,2017-06-30T23:14:31Z
Basic JavaScript: Build 4 Basic JavaScript Projects,40,670,33,2016-02-04T03:55:24Z
HTML and CSS for Beginning Web Developers,100,1606,28,2013-12-13T18:19:58Z
Popular JavaScript Framework:Learn The Language Of Angular 2,200,260,22,2016-11-11T21:27:55Z
The Ultimate Guide to the Best WordPress Plugins Part 1,50,122,10,2017-02-16T23:30:02Z
XSLT :basics for beginners,35,877,6,2016-09-27T15:14:59Z
The Complete Wordpress Plugin Development Course - 8 Plugins,200,1215,58,2013-05-29T15:09:48Z
JSON Crash Course for Beginners,45,3323,90,2017-01-17T05:11:14Z
You can create Incredible Websites with HTML CSS learn how,100,11892,50,2015-09-12T01:35:41Z
JavaScript Tricks how to create code projects from scratch,75,15106,31,2015-10-29T23:39:45Z
The Sass Course! Learn Sass for Real-World Websites,95,975,141,2016-12-08T16:53:19Z
Web Design How to Create a Website HTML CSS Bootstrap,75,5263,29,2016-09-12T13:14:13Z
Master Angular 4 by Example - Build 7 Awesome Apps!,195,596,32,2017-05-01T22:06:23Z
Create A Custom Responsive WordPress Website For A Client,95,7517,89,2014-04-21T11:35:18Z
Mastering HTML5 Programming - The Easier Way,75,21653,138,2013-01-07T11:44:35Z
How to Launch Your Own Website Builder Service,20,9028,87,2015-07-28T20:20:59Z
Getting Started with HTML,40,7375,52,2016-03-07T18:40:52Z
Spring Framework 4 (Java Enterprise JEE) with AngularJS,95,5177,318,2015-09-21T23:12:59Z
Build A Weather App With Ajax Using Open Weather Map API,20,6548,44,2016-12-01T21:49:26Z
Essentials of JavaScript Practice Coding Exercises Tips,80,28125,115,2015-09-25T22:30:00Z
Learn and Earn with HTML & CSS,20,9349,206,2016-03-11T20:11:22Z
Get started Creating Websites Everything you need provided,100,14260,44,2015-09-25T18:13:40Z
JavaScript in Action JavaScript Projects,150,7720,58,2016-03-29T18:01:39Z
Modern Web Development with Laravel 5.2 (PHP Framework),120,2142,536,2016-01-24T17:33:52Z
Programming for Entrepreneurs - JavaScript,200,12873,106,2013-11-11T00:28:17Z
Create a Website from Scratch using HTML CSS step by step,75,12882,95,2015-11-27T23:15:24Z
Complete AJAX Course: Learn AJAX Techniques Using Bootstrap,195,12368,89,2015-11-13T22:03:15Z
Learn jQuery by Example Course,170,8625,94,2016-04-23T07:47:40Z
Bootstrap 4 Theme Development Masterclass,150,2641,28,2017-02-24T02:29:03Z
Wordpress Theme Development for Beginners,20,1052,14,2017-05-17T22:55:23Z
Web Design Creating websites from scratch,75,13920,64,2016-09-19T22:32:38Z
HTML Learning the Basics Intro to HTML website coding,20,7416,65,2015-05-31T21:28:27Z
Learn how to use Javascript Components with PHP and Symfony,90,1822,4,2017-06-05T17:43:55Z
So you think you know JavaScript?,50,1010,154,2016-05-12T14:52:32Z
Learn Node.js by building Udemy: Stripe + MailChimp + Wistia,110,1425,36,2016-09-12T23:42:46Z
Learn jQuery: An In-depth Course For Beginners,50,7014,95,2011-11-29T01:29:11Z
JavaScript for Beginning Web Developers,75,7785,416,2014-01-16T18:07:39Z
JQuery Create Overlay Popups from scratch using Jquery,50,4407,17,2015-12-04T17:06:24Z
Vue JS 2: From Beginner to Professional,145,602,93,2016-12-28T03:56:24Z
Ultimate AngularJS: Build a Real-World App from Scratch,100,1712,438,2016-02-08T23:41:51Z
Wordpress Site Migration,20,1894,40,2016-07-28T02:38:31Z
introduction to HTML Course,20,3258,32,2016-05-16T15:14:17Z
Create Single Page Website using Twitter Bootstrap 3,20,7449,111,2014-04-19T20:10:39Z
The All-In-One Web Development Course,85,538,13,2017-04-27T21:06:16Z
Code a Responsive Website Using HTML5 and CSS for Beginners,50,1271,136,2014-01-09T17:51:10Z
AngularJS for the Real World - Learn by creating a WebApp,115,1407,137,2015-09-07T17:54:39Z
Wordpress Tutorial   ,200,2311,8,2014-12-04T19:17:17Z
Create a REAL Social Network like Facebook in PHP + MySQL,45,1002,178,2016-09-19T15:54:37Z
Advanced Node.js Development,55,2565,32,2014-08-28T03:35:30Z
ASP.NET MVC 5 Project - Facebook Clone,30,210,19,2017-02-09T04:38:46Z
Bootstrap For Beginners: A  Basic Introduction,55,1186,14,2015-11-13T19:13:51Z
jQuery for Beginners,20,1421,17,2015-11-10T21:52:55Z
JavaScript Basics For Web Developers,20,958,14,2016-07-11T17:30:42Z
Learn PHP from Scratch,50,1550,25,2015-07-26T20:44:15Z
Learn Express,25,1309,60,2015-06-01T21:34:14Z
"Build A Web App with VueJS, Spring Framework and MongoDB",145,251,32,2016-11-30T21:59:37Z
Zend Framework 2: Learn the PHP framework ZF2 from scratch,40,723,130,2015-11-11T18:55:45Z
Improved SEO with Rich Snippets and MicroData,Free,11026,228,2014-06-09T10:35:40Z
X theme for WordPress: Responsive web design without code!,20,1318,81,2015-03-22T22:46:36Z
Become a HTML and CSS Developer - Build a Responsive Site,Free,3894,91,2016-05-26T04:46:39Z
How to Make a Wordpress Website 2017,Free,12293,235,2015-01-14T22:25:58Z
Install Wordpress,20,1447,35,2015-11-06T22:04:41Z
CSS Specialist: Comprehensive CSS Training,100,487,31,2016-08-08T20:48:38Z
Introduction to Laravel 4,Free,9110,411,2014-09-12T22:52:21Z
Introduction to Elm,Free,1519,28,2017-05-15T22:50:07Z
Learn to Freelance with People Per hour  (URDU),20,948,48,2015-09-14T21:25:01Z
Learn Wordpress 4 from Scratch : Create Awesome Websites,75,2023,8,2015-08-13T21:02:21Z
Amazon Alexa Development: From Beginner to Intermediate,140,1858,110,2016-12-03T20:51:00Z
The Build a SAAS App with Flask Course,40,2244,365,2016-06-02T19:32:03Z
Learn JSON with JavaScript Objects and APIs in 1 hour,95,3619,93,2016-10-26T14:19:40Z
1 Hour JavaScript,200,22999,602,2013-07-04T15:27:02Z
Building An E-Commerce Store Using Java Spring Framework,95,2743,589,2016-02-01T17:27:04Z
Typescript Masterclass & FREE E-Book,150,1229,139,2016-11-08T22:57:58Z
PHP MVC Framework CodeIgniter Tutorial for Beginners Project,100,3701,508,2015-08-28T00:29:28Z
JavaScript - Become Higly Paid Front End Developer,105,710,137,2017-04-17T16:39:08Z
Object Oriented Programming (OOP) in PHP - Build An OOP Site,20,6588,721,2014-06-17T07:34:03Z
Beginners Introduction to Web Development,200,7331,55,2017-02-13T17:40:58Z
Django + AngularJS for a Powerful Web Application,95,4463,59,2016-10-13T17:34:00Z
WordPress Academy: Learn WordPress step by step,150,1873,360,2016-07-12T23:10:02Z
Web Development Essential Skills - Complete HTML and CSS,95,1388,11,2015-09-29T21:30:21Z
Byte-Sized-Chunks: Closures in Javascript,20,1292,2,2016-03-10T19:41:59Z
Laravel Account Activation Project,50,1147,19,2016-12-07T20:41:15Z
WordPress: Create an Amazing Website With Ease,200,1109,13,2016-05-03T19:53:12Z
Mastering the Google Chrome Developer Tools,20,2002,41,2015-04-21T16:45:07Z
Kali Linux Web App Testing,75,876,48,2015-06-11T18:38:08Z
Learn Ruby Programming The Easy Way - Lite,20,1186,12,2016-02-21T20:31:57Z
"Web Scraping with Python, Ruby & import. io",75,973,50,2015-08-09T22:16:41Z
Sending email with PHP: from Basic to Advanced,40,379,58,2016-06-10T16:23:33Z
WordPress 2016 for Beginners : Build awesome websites!,20,2177,13,2015-07-13T20:39:05Z
Learn to make websites with Google's Material Design Lite,20,1063,72,2015-07-20T17:23:16Z
Joomla 3 : Develop a Professional Website in 3 Simple Steps!,35,1309,74,2015-03-13T18:53:07Z
Complete Python Web Course: Build 8 Python Web Apps,110,7489,941,2015-11-08T20:57:35Z
Web Design for Beginners: Real World Coding in HTML & CSS,100,9103,1724,2014-09-22T23:58:31Z
Ethereum Developer: Build A Decentralised Blockchain App,195,3169,527,2016-09-26T17:50:36Z
The Complete Web Development Course -  Build 15 Projects,200,7501,1213,2015-11-09T22:01:02Z
Angular 2 + Rails 5 Bootcamp,150,1967,372,2016-11-15T19:00:50Z
Javascript - From Beginner to Pro-Build real world JS apps,195,28694,688,2016-12-11T21:16:42Z
Redux in Angular (2 and 4+),70,909,16,2017-06-23T00:54:11Z
The complete JavaScript developer: MEAN stack zero-to-hero,75,4820,983,2015-12-16T00:07:00Z
Running a Web Development Business: The Complete Guide,150,24575,525,2015-08-26T19:25:06Z
Projects In JavaScript & JQuery,60,9109,620,2014-10-16T09:56:39Z
Learn To Build Beautiful HTML5 And CSS3 Websites In 1 Month,50,18818,407,2014-06-03T08:48:34Z
"Full stack Universal React with Redux, Node js and MongoDB",195,1121,174,2017-05-08T21:59:53Z
Creating an MP3 Player with HTML5,20,14551,169,2013-01-31T13:44:52Z
Be a Bootstrap Developer from scratch,100,5800,185,2015-07-20T20:38:56Z
Create Your First Wordpress Site in Under an Hour,20,4867,128,2016-03-30T00:41:00Z
Learn Coding as RF or Telecom Engineer - Build Real Program,25,1006,4,2017-06-22T16:28:40Z
Creating FaceBook Design Using Bootstrap - Handson Project,80,4616,20,2016-12-06T23:46:15Z
Building HTML5 Canvas projects from scratch,100,8968,35,2016-03-03T20:36:35Z
Learn How To Become a Web Developer From Scratch,200,7062,72,2017-05-28T19:38:52Z
"Earn Big Profits With Web Development, Simple and Easy!",90,3073,27,2017-01-18T22:48:53Z
BDD with Ruby on Rails using RSpec 3 and Capybara,175,2706,179,2015-08-14T16:48:51Z
Learn By Example: jQuery,50,1702,49,2016-09-19T21:27:18Z
Professional Python Web Development Using Flask,120,3420,489,2015-03-04T00:10:36Z
JavaScript HTML CSS Project make a Quiz Tutorial,95,7130,39,2015-08-18T18:37:17Z
Voiceover Audio Secrets - Your Way to Top Audio Quality,195,918,8,2015-11-11T18:11:55Z
jQuery UI In Depth,25,1520,21,2013-07-28T18:48:28Z
Codeless Website Development with Adobe Muse,50,461,67,2015-02-25T18:29:55Z
Learn To Build A Google Map App Using Angular 2,30,116,12,2016-11-21T15:07:46Z
Learn Reactivex From Ground Up,40,207,32,2016-09-22T14:56:51Z
Learn HTML in 59 Minutes - Your intro to front-end dev,35,333,15,2015-07-14T21:37:16Z
WordPress Theme Customization 101 (for beginners),40,305,40,2015-06-05T19:58:14Z
Supercharging Development With Atom Text Editor,20,644,42,2015-09-02T18:52:18Z
Master WCF 4.0 From Scratch Using C#,50,415,67,2015-11-23T21:05:09Z
Drupal 7 for Beginners,35,926,102,2012-06-14T18:15:00Z
Critical Web Dev Skills & Tools for the Non-Tech Hustler,Free,3118,8,2016-12-20T22:39:30Z
Install WordPress on Computer using XAMPP,Free,4290,150,2015-08-26T23:22:24Z
Java Web Services Part 2,20,959,51,2017-01-12T03:10:56Z
Complete PHP Course With Bootstrap3 CMS System & Admin Panel,195,55332,1225,2015-09-22T18:14:08Z
Learn To Create WordPress Themes By Building 10 Projects,60,2273,384,2016-05-24T21:03:37Z
The Complete NodeJS Course: Build a Full Business Rating App,195,17784,260,2017-02-13T17:18:59Z
Master the MEAN Stack - Learn By Example,195,25799,382,2016-01-03T23:24:04Z
First Web Application with Spring Boot,40,2865,95,2017-01-27T16:45:13Z
HTML5 and CSS3: Learn Web Design with HTML + CSS + Bootstrap,200,346,28,2017-06-21T18:15:23Z
Backbone Tutorial: Learn Backbonejs from Scratch,90,4957,634,2014-10-27T07:29:00Z
AngularJS Custom Directives with Dan Wahlin,75,4128,434,2015-02-21T01:54:51Z
Angular 2+ with Typescript - Essential Training,195,29348,780,2016-11-29T04:08:03Z
Learn Angular 2 from Beginner to Advanced,195,32696,526,2016-10-07T00:25:59Z
Create an eCommerce Wordpress Website 2016 - New Divi Theme!,30,3503,123,2016-10-27T14:30:01Z
HTML5 and CSS3 : Landing Pages for Entrepreneurs 2016,195,2354,16,2016-08-12T15:50:50Z
Learning Docker and Kubernetes by Lab,30,586,54,2017-02-13T23:31:07Z
Projects in ExpressJS - Learn ExpressJs building 10 projects,50,1949,149,2015-09-15T00:07:28Z
PHP For Beginners : Learn PHP From Scratch!,100,1825,17,2016-11-18T21:16:33Z
Bootstrap 4.0 New Features: Build Responsive Website,40,2296,28,2016-06-16T20:34:50Z
ASP.NET MVC 5 Project - CMS and Shopping Cart with Paypal,30,550,97,2016-12-14T15:35:31Z
Professional RESTful API Design using Python Flask,120,578,25,2017-01-11T21:15:25Z
HTML5 APIs For JavaScript - A Course For Web Developers ,50,7706,62,2012-11-30T17:33:41Z
Learn Python Django - A Hands-On Course,50,1339,21,2017-01-18T21:53:34Z
Comprehensive JavaScript Programming,20,6760,84,2013-11-26T23:59:20Z
Security for your WordPress site,85,1096,8,2017-02-09T03:23:24Z
Try Django 1.9 | Build a Blog and Learn Python's #1 Library,50,7407,172,2014-03-04T07:12:21Z
Accelerated ES6 JavaScript Training,110,5811,850,2016-07-12T18:22:37Z
AWS Serverless APIs & Apps - A Complete Introduction,145,2145,166,2017-06-19T22:19:24Z
Python and Django Full Stack Web Developer Bootcamp,200,11832,1883,2017-02-24T18:40:55Z
The Complete Elixir and Phoenix Bootcamp,50,5279,1375,2016-10-27T22:44:29Z
Build a Real-world App with ASP.NET Core and Angular 2 (4+),190,5332,828,2017-03-27T21:58:48Z
REST APIs with Flask and Python,110,5151,737,2016-11-06T19:00:38Z
Angular 4 (formerly Angular 2) - The Complete Guide,190,73783,19649,2016-02-11T07:29:29Z
Build Websites from Scratch with HTML & CSS,145,51257,1955,2013-09-25T15:59:09Z
PHP for Beginners -Become a PHP Master - Project Included,200,28880,4316,2015-02-14T00:54:08Z
The Professional Ruby on Rails Developer,100,17334,676,2015-02-23T23:18:49Z
The Complete Ruby on Rails Developer Course,195,33677,3809,2015-10-23T20:29:25Z
Docker Technologies for DevOps and Developers,30,19210,3137,2016-08-29T19:02:30Z
JavaScript programming: JavaScript for beginners,55,2215,223,2016-04-13T18:10:18Z
JSON in Action: Build JSON-Based Applications,50,1322,171,2016-03-11T20:49:14Z
Learn Ruby Programming The Easy Way,35,3485,22,2015-09-15T19:07:14Z
Learn OAuth 2.0 - Get started as an API Security Expert,95,2185,283,2015-07-20T22:38:11Z
AngularJS For .Net Developers From Scratch,50,2494,303,2016-03-09T20:03:42Z
"Jekyll: make fast, secure static sites and blogs with Jekyll",45,2091,86,2016-02-18T17:30:13Z
HTML and CSS BootCamp for Beginners,30,1777,35,2017-01-20T22:20:41Z
Hosting Django: Amazon Web Services (AWS) Fundamentals,45,2573,103,2015-10-19T21:30:02Z
Angular Advanced MasterClass & FREE E-Book,150,228,9,2017-07-03T21:59:45Z
Learn Responsive Web Development from Scratch,Free,59639,2692,2013-12-09T12:16:40Z
Build WordPress Plugin to extend Beaver Builder,50,1705,26,2016-07-04T23:13:45Z
Coding Made Easy: A Beginners Guide To JavaScript,40,1950,33,2016-09-18T21:58:41Z
The Complete Developers Guide to MongoDB,150,10945,1286,2016-11-15T01:25:44Z
Electron for Desktop Apps: The Complete Developer's Guide,50,2606,241,2017-05-16T19:43:44Z
Vue JS 2 - The Complete Guide (incl. Vue Router & Vuex),190,17671,4675,2016-11-08T18:55:21Z
"React JS, Angular & Vue JS - Quickstart & Comparison",160,2273,288,2017-05-09T20:37:25Z
The Complete JavaScript Course: Build a Real-World Project,195,27801,4340,2016-10-14T22:52:23Z
Angular (Angular 2 or 4) & NodeJS - The MEAN Stack Guide,150,17297,3166,2016-05-02T23:09:15Z
Angular 2 with TypeScript for Beginners: The Pragmatic Guide,150,40070,8341,2016-03-03T20:17:59Z
Meteor and React for Realtime Apps,140,6527,1384,2016-05-23T16:51:48Z
The Web Developer Bootcamp,200,121584,27445,2015-11-02T21:13:27Z
AngularJS JumpStart with Dan Wahlin,75,17802,2144,2014-03-24T17:31:15Z
The Complete Web Developer Course 2.0,200,114512,22412,2016-03-08T22:28:36Z
Ultimate Web Designer & Developer Course: Build 23 Projects!,200,33788,4434,2015-08-20T20:55:19Z
ExpressJS Fundamentals,Free,21245,914,2016-01-11T18:53:48Z
REST WCF Service in ASP.NET,Free,7905,561,2016-06-08T17:28:16Z
Projects in Node.js - Learn by Example,195,869,99,2016-04-24T18:29:26Z
Building Data Visualizations with D3 and Angular 2,125,293,30,2017-02-23T14:19:16Z
Learn Object Oriented PHP By Building a Complete Website,Free,36322,2618,2016-03-01T17:38:10Z
Web Programming Course : Asp.Net MVC,100,2760,76,2015-07-13T22:58:32Z
Learn Spring Framework Practically - Hands On Recipies,145,522,50,2016-08-11T05:58:08Z
One-stop Ruby on Rails: Build Web Applications from Scratch,145,1628,162,2015-01-13T06:40:32Z
Learn what's new in PHP 7,Free,12336,271,2016-04-04T22:32:13Z
Dive Into Docker: The Docker Course for Developers,Free,6437,313,2017-04-14T22:57:32Z
"Basic Concepts of Web Development, HTTP and Java Servlets",35,2797,59,2014-08-27T11:31:44Z
The Most Comprehensive Web Development Course,200,333,22,2017-05-01T22:36:28Z
Learn and Understand AngularJS,175,59361,11580,2014-09-24T00:57:25Z
JavaScript: Understanding the Weird Parts,175,79612,16976,2015-03-12T23:19:54Z
Webpack 2: The Complete Developer's Guide,75,8964,1893,2017-01-03T20:09:17Z
Build Responsive Real World Websites with HTML5 and CSS3,195,43977,7106,2015-03-24T22:06:26Z
ES6 Javascript: The Complete Developer's Guide,80,13010,2709,2016-07-12T15:29:32Z
Learn and Understand NodeJS,195,58208,11123,2015-08-31T21:07:48Z
Understanding TypeScript,110,9132,1560,2016-09-12T17:33:38Z
Advanced React and Redux,140,21998,3326,2016-03-12T22:13:46Z
Modern React with Redux,180,50815,15117,2015-12-28T19:20:21Z
Angular Styling & Animations (for Angular 2 and Angular 4),120,4138,307,2017-03-28T00:01:39Z
The Complete ASP.NET MVC 5 Course,190,20652,6357,2016-05-16T17:04:54Z
GraphQL with React: The Complete Developers Guide,150,6412,987,2017-02-14T22:55:58Z
"Create a Simple Photo Gallery with Dropzonejs, Slick and PHP",Free,2464,17,2017-03-07T15:40:37Z
WordPress in under an hour - Create/manage your own website!,Free,6474,86,2015-07-15T00:21:56Z
Twitter Bootstrap 2 for Beginners,20,2388,139,2013-05-29T18:13:10Z
Bootstrap Tutorial - Essentials From Basic to Advanced,195,1494,23,2015-11-29T22:38:00Z
Create an Engaging Website with Twitter Bootstrap 2.x,20,1463,56,2012-06-18T17:06:55Z
Javascript :basics for beginners,30,1057,22,2016-08-29T17:01:28Z
CSS Tutorial For Beginners: Style Your Wordpress Templates,35,1049,22,2016-01-27T20:44:18Z
HTML5 And CSS3 - Build Modern Responsive Websites,175,109,17,2017-06-02T18:58:51Z
PSD to HTML5/CSS3 using Twitter Bootstrap 3! ,95,2073,24,2015-02-25T21:35:25Z
Web Development: Make A Website That Will Sell For Thousands,50,1116,62,2013-09-03T00:08:55Z
WordPress Basics to Business: Share and Sell your Expertise,50,1125,10,2016-04-07T21:06:31Z
PHP Zend Framework 2:Creating a CRUD Application,40,802,6,2016-11-25T01:33:50Z
JavaScript Fundamentals,Free,4409,71,2016-12-20T15:34:05Z
Building a Website With Jekyll,20,686,19,2016-01-25T19:07:31Z
Big Data and Apache Hadoop for Developers - Fundamentals,30,1154,89,2013-12-10T09:14:57Z
Wordpress Development : Create a Custom Wordpress Website,120,885,3,2015-09-13T18:32:52Z
How to Make a Wordpress Website 2017,Free,2437,137,2016-06-07T00:02:04Z
RESTful Services with ASP.NET Web API,85,716,59,2014-11-21T10:28:47Z
Web Hosting Fundamentals,20,1867,19,2013-12-08T07:15:28Z
Learning Path: React: Make Stunning React Websites,200,91,5,2017-04-18T16:49:41Z
Administering Microsoft SQL Server 2012 Databases - 70-462,60,586,65,2015-03-23T00:20:29Z
PHP CodeIgniter:CRUD concepts in MVC,40,601,4,2016-11-27T15:29:59Z
Adobe Experience Manager CMS Basics,35,81,14,2017-05-02T16:54:56Z
Introduction to Frontend Web Development For  Beginners,145,1018,28,2016-08-02T16:54:13Z
PHP: Complete Login and Registration System with PHP & MYSQL,200,1448,173,2015-06-16T20:38:45Z
JavaScript Complete Guide to learning JavaScript,200,1296,22,2016-05-17T17:19:48Z
Advanced Scalable Python Web Development Using Flask,120,1299,56,2016-08-11T22:09:24Z
jQuery for Absolute Beginners - Lite,20,1769,49,2015-12-30T20:13:46Z
HTML Complete Course - Beginner to Expert,Free,20073,615,2016-02-29T00:15:42Z
Cross-Platform Development with ASP.NET Core 1.0 MVC,35,601,126,2016-07-11T18:57:34Z
Build a Photo Blog with Ruby on Rails,20,2281,32,2015-04-02T20:30:12Z
Practical PHP: Master the Basics and Code Dynamic Websites,Free,83737,4598,2014-07-19T03:02:05Z
Sass Workflow,Free,20890,945,2015-02-06T15:54:23Z
Learn PHP Fundamentals From Scratch,Free,48650,1236,2013-10-16T08:12:40Z
XML For Absolute Beginners: Learn to create your own tags,75,1945,58,2015-12-17T17:27:32Z
Joomla: Create a Joomla Website This Weekend With NO CODING!,Free,18496,386,2014-10-06T20:19:00Z
JavaScript for beginners - A Complete Guide,100,1193,87,2015-06-16T00:35:45Z
Laravel Deployment - Launch your Laravel Application Online,Free,4905,101,2016-10-22T20:12:05Z
WordPress Development Crash Course: From Zero To Hero,60,1699,8,2016-02-01T22:07:26Z
Learn how to create a WordPress theme using Pinegrow,Free,11812,152,2015-07-27T18:26:45Z
Learn to Build Web Apps using Laravel Framework,30,746,93,2015-11-10T22:15:21Z
Flexbox: The complete guide,35,189,7,2017-06-09T23:29:48Z
How to Safely Copy and Move Your WordPress Website,60,1419,38,2014-11-05T13:21:19Z
AngularJs :basics for beginners,45,1237,16,2016-09-19T14:50:49Z
JSON For Beginners: A Very Basic Introduction,65,1703,27,2016-01-18T23:06:45Z
Learn SASS and improve your CSS,55,1849,29,2014-12-20T00:21:05Z
Angular Tutorial For Beginners,Free,5397,112,2017-02-28T04:07:50Z
HTML and CSS for Absolute Beginners,Free,4410,52,2017-01-20T17:02:27Z
"JavaScript, jQuery and Ajax",20,1554,30,2016-02-02T18:36:12Z
Laravel Blog Development Starter,Free,4499,138,2017-02-14T00:38:18Z
React: Learn ReactJS Fundamentals for Front-End Developers,55,1993,55,2016-06-06T15:29:42Z
JavaScript For Absolute Beginners - Level Two,30,424,85,2016-09-20T17:59:39Z
How To Create A Real Estate Website With Wordpress 2017,Free,3782,32,2017-06-06T14:10:36Z
The Complete HTML5 and CSS3 Course - with 8 Websites Design,30,1551,42,2015-12-07T19:32:22Z
Introduction to Modern Programming with PHP,20,954,183,2015-08-27T19:20:42Z
HTML Introduction Course: Learn HTML in 2 hours!!!,Free,7304,368,2016-03-08T15:24:31Z
Learn HTML & CSS: How To Start Your Web Development Career,Free,15462,689,2015-09-29T19:46:45Z
React vs Angular vs Vue.js by Example,Free,6958,132,2017-06-02T21:57:07Z
Create WordPress Plugins,50,964,19,2016-04-08T21:24:12Z
Build and Deploy a LAMP server on AWS,Free,3571,18,2017-06-19T23:33:54Z
Build your own Beautiful Blog in WordPress + SEO,200,2421,6,2015-11-25T18:00:35Z
AngularJS Authentication: Secure Your App with Auth0,Free,21689,1080,2016-04-01T05:51:48Z
Learn Bootstrap 4 by Example,Free,5542,54,2017-06-12T20:30:50Z
Complete WooCommerce Plugin Tutorial For Wordpress 2017,Free,7922,183,2017-01-27T16:47:14Z
How To Build And Make A Wordpress Website From Scratch 2017,Free,7055,166,2017-01-24T04:59:20Z
Docker for Developers - Newest Version 1.12 with Swarm Mode,95,767,104,2016-07-22T15:37:25Z
Angular Material - Quickstart,Free,3766,135,2017-03-09T22:12:32Z
HTML and CSS for Beginners - Build a Website & Launch ONLINE,Free,70773,5660,2015-03-19T19:07:12Z
"Core: A Web App Reference Guide for Django, Python, and More",195,2497,98,2014-05-29T00:58:43Z
"JSON with Java APIs, jQuery and JSON REST Web Services",95,799,87,2016-05-30T23:54:43Z
Bootstrap 4 Quick Start: Code Modern Responsive Websites,Free,41478,2104,2015-12-30T21:28:31Z
Learn Symfony 3 framework by practical examples,125,867,177,2016-09-19T21:05:38Z
"Complete Web Development with HTML, CSS and Javascript",Free,2097,16,2017-06-27T21:49:31Z
Web Hosting Introduction: How to Publish Your Website Online,Free,5533,137,2015-02-09T00:55:50Z
Django For Beginners,175,534,16,2016-08-23T18:49:41Z
Introduction to QGIS Python Programming,85,197,26,2016-12-22T00:11:22Z
Learning Object-Oriented JavaScript,75,533,54,2015-02-17T09:53:12Z
Bootstrap Tutorial for Beginners,20,1036,27,2016-02-21T16:50:57Z
Learn Bootstrap3 With Multi Purposes Single Page Layout,Free,4503,146,2016-02-16T21:59:01Z
HTML for Beginners,Free,8592,336,2013-07-20T00:52:41Z
How to Build WordPress Themes: A Web Designer's Guide,165,183,30,2017-03-31T23:56:08Z
XML DTD :basics for beginners,35,903,3,2016-09-26T16:52:50Z
Learn to make an HTML 5 website with a video background,80,1236,18,2015-06-05T18:13:08Z
Learn Authentication With ASP.NET Identity Security 2017,50,305,45,2016-02-26T17:41:37Z
HTML and CSS Foundations,Free,1544,15,2017-06-23T16:51:54Z
Python Web Programming,100,1020,46,2015-07-01T21:46:36Z
Build a Complete Registration and Login System using PHP MVC,80,325,50,2017-02-23T22:20:23Z
ES6 / EcmaScript 6 for beginners an introduction,Free,3227,19,2017-06-22T22:01:11Z
React for visual learners,20,659,64,2016-07-18T21:41:36Z
Learn to Create Advance Responsive Websites With Bootstrap,20,2528,15,2014-10-26T09:54:16Z
Master the Art of Web Design with HTML & CSS,145,550,15,2016-12-28T20:23:56Z
Sell Courses On Your Own Website - No Coding Required!,100,1032,9,2016-04-18T17:36:30Z
Implementing a Data Warehouse with SQL Server 2012 ,85,1142,148,2015-05-01T23:08:38Z
Learning 200 jQuery Functions with 800 Examples,195,1766,38,2015-02-24T22:57:40Z
Create Complete Web Applications easily with APEX 5,30,912,128,2015-07-14T20:30:11Z
"Learn Gulp, The Streaming Build System",25,1305,38,2015-04-19T20:34:42Z
Perfect React JS Course - Understand Relevant Details,200,653,20,2017-01-17T05:40:31Z
Create a classified website in 2 hours - guaranteed,50,3411,84,2013-11-09T09:36:07Z
Learn HTML And CSS From Scratch,Free,11533,240,2016-02-19T15:50:39Z
Become a Certified Web Developer - Beginner to Expert,200,3397,12,2015-04-06T16:38:49Z
Complete Bootstrap 4 course - build 3 projects,Free,7865,241,2017-04-07T17:26:02Z
Up and Running with Phalcon,20,715,12,2016-11-10T15:33:54Z
HTML : HTML Awesomeness,25,988,23,2016-08-17T19:33:35Z
Build CRUD Application - PHP & Mysql,Free,4405,71,2017-05-04T16:47:24Z
All You Need To Know About AngularJS - Training On AngularJS,50,1936,88,2014-03-07T19:09:28Z
PSD To a Creative Landing Page Using Twitter Bootstrap 3,Free,11666,546,2016-04-07T00:04:27Z
Ready for Production with Spring Boot Actuator,55,361,26,2017-01-05T17:48:41Z
AngularJS For Beginners,Free,30531,1948,2015-06-30T20:28:22Z
Learning Path: Akka: Building Applications and Microservices,200,88,8,2017-05-04T00:35:35Z
Set up a localhost Web Server for Faster Website Development,30,55,13,2017-06-12T15:12:19Z
Mastering Meteor: Reactive Full Stack JavaScript,95,494,46,2015-12-10T18:16:09Z
Build A Professional Wordpress Website In An Hour,20,1294,11,2014-12-31T04:42:49Z
Build a file hosting/sharing site in less than 2 hours ,20,976,29,2014-07-14T18:43:39Z
Introduction to Java Programming for Online Learners,200,1586,87,2013-04-17T02:55:10Z
Create full featured Landing Page in Ruby on Rails in 3 hour,30,1550,15,2015-05-15T18:53:55Z
How to create a  video blog with WordPress,25,1209,8,2016-03-29T17:43:26Z
PHP For WordPress Development,35,850,12,2016-04-12T18:00:47Z
Create a Professional Website Without Programming/Coding,Free,5421,93,2015-01-17T09:15:37Z
How to Build an Autocomplete System Like Google,30,255,5,2016-10-12T23:24:28Z
Master EmberJS : Learn Ember JS From Scratch,120,707,59,2015-07-10T21:24:15Z
How To Make A Modern Wordpress BLOG 2017! Create Your Blog!,Free,6856,137,2016-11-29T23:01:43Z
Learn Top Ten PHP FrameWorks By Building Projects,60,1007,96,2016-01-27T18:05:12Z
How to Make a Video Blog Website From Scratch w/ Wordpress ,Free,12952,163,2015-10-21T23:31:22Z
Build Websites And Apps By Outsourcing,20,2299,11,2015-07-20T22:16:39Z
Learning Path: Web Applications with Spring and Angular,200,19,2,2017-06-28T21:04:21Z
Learn Ruby on Rails By Building Projects,60,1736,79,2014-11-12T09:33:28Z
Canvas image Creator HTML5 JavaScript project from Scratch,100,2195,10,2016-03-06T21:41:43Z
Javascript Essentials,Free,47062,5590,2016-01-20T19:08:27Z
Devtools 2017: The Basics of Chrome Developer Tools,Free,4569,108,2017-04-14T16:58:12Z
Chrome Extensions : Develop 5 chrome extensions from scratch,Free,3655,85,2017-03-30T15:22:46Z
Learn how to quickly build websites using Wordpress,Free,15715,406,2014-12-18T12:50:07Z
Advance Unix : File Processing: AWK | SED | GREP | CUT | VIM,75,578,40,2017-01-27T05:12:57Z
Develop a Professional OnePage WordPress site With No Coding,20,1747,13,2016-08-29T16:47:15Z
PHP Specialist (2017 Edition),100,197,11,2017-03-28T23:39:37Z
Python Programming: Create an Digital Marketplace in Django,195,4198,145,2013-10-20T19:53:28Z
Create Ajax Chat App with PHP & Mysql,45,540,11,2017-04-15T00:56:41Z
Mastering Thymeleaf with Spring,75,942,161,2016-02-05T20:42:25Z
Learn Rails Programming in Less than 2 Hours,35,2470,24,2015-09-23T02:21:50Z
Wordpress Backup & Restore,95,478,37,2016-09-15T17:20:21Z
Learn JavaScript Dynamic Interactive Projects for Beginners,100,2558,12,2016-02-14T18:51:48Z
Build Modern Websites Super Fast,25,2178,22,2016-03-10T00:04:59Z
SAP - Learn SAPUI5 Professional Development,195,860,201,2016-04-25T15:22:50Z
Wordpress Security,95,2888,26,2015-04-13T17:53:02Z
Learn HTML5 At Your Own Pace. Ideal for Beginners,50,3026,60,2012-02-28T18:52:32Z
Build an Amazon clone: Nodejs + MongoDB + Stripe Payment,20,2164,290,2016-01-08T17:16:48Z
Build Real World Websites from Scratch using HTML5 and CSS3,195,10874,114,2016-01-25T18:00:51Z
How to become an App Developer,200,1935,17,2017-05-19T21:39:35Z
"Modern JavaScript: Building Real-World, Real-Time Apps",50,1871,154,2016-03-30T21:15:15Z
JavaScript Introduction to Object Oriented JavaScript,90,7789,59,2015-10-01T17:43:34Z
Core HTML How to get online quickly HTML to HTML5 ,90,10394,33,2015-08-21T18:53:23Z
Building Websites JavaScript and the DOM,120,17759,64,2016-09-26T14:48:26Z
Complete Login and Registration System in PHP and MYSQL,200,4714,149,2015-07-16T22:09:55Z
The Complete E-Commerce Web Developer Course 5.0,195,3209,58,2016-09-13T16:12:58Z
HTML5 canvas Bootcamp for beginners 25 easy steps,120,14118,30,2016-03-01T23:04:23Z
Advanced HTML5 Tutorial for Web Developers,50,11847,57,2012-10-17T11:07:41Z
Learn the Basics of Programming for Marketers,55,11339,43,2015-04-21T17:24:26Z
Css For Beginners,85,1156,13,2015-10-21T20:14:34Z
GRUNT js: Automate web development tasks and save your time,55,1534,33,2015-03-02T23:34:14Z
Mastering Web and Mobile Debugging Using Chrome Dev Tools,195,1102,12,2016-01-29T21:02:49Z
HTML : Beginner Guide to HTML writing,20,783,20,2016-07-28T18:50:58Z
Build Web Apps Using EmberJS: The Complete Course,40,627,126,2015-12-10T18:01:55Z
SharePoint 2013 Development using C# - Part I,50,891,101,2014-11-06T13:59:44Z
SAP Crystal Reports with ASP.Net (Step by step),Free,7484,304,2015-03-04T01:33:32Z
Building Responsive Data Visualizations with D3 JS,85,876,59,2015-06-12T20:17:52Z
Learn Rails Programming in Less than 30 Minute - Lite,20,1235,25,2016-01-06T17:49:01Z
SASS - Beginner Crash Course,25,1143,34,2015-02-12T17:13:26Z
Angular 2 Fundamentals for Web Developers,40,450,61,2016-04-14T18:43:47Z
Easily Learn Web Development With Drop & Drag: OptimizePress,20,1442,9,2015-01-23T06:46:27Z
XML XSLT - Crash Course for Beginners,45,426,4,2017-02-19T18:11:07Z
Create Your Own Successful Online School To Sell Courses,95,2814,14,2014-11-18T04:02:55Z
Flask Tutorial Step by Step,Free,4645,171,2017-02-28T16:27:45Z
Ruby on Rails a Beginners Guide ,Free,13130,346,2016-03-18T14:58:53Z
Mastering Basic CSS Selectors.,Free,3933,23,2017-05-09T22:13:22Z
Create a Website Similar to Facebook from Scratch!,25,2197,9,2016-02-09T06:15:07Z
Comprehensive TypeScript,125,1318,78,2015-04-13T19:00:50Z
"Essential HTML, CSS & HTML5 Training",50,1553,35,2015-04-12T22:20:58Z
HTML 5 and CSS 3 - tricks and workarounds,80,2007,10,2016-02-18T00:21:26Z
"How to Register a Domain, Set Up Hosting, and Edit Web Pages",45,1540,19,2015-05-21T19:37:46Z
WordPress Plugins Treasure Chest,25,1655,10,2015-08-06T21:01:21Z
Practical Understanding of PHP and MySQL,Free,12201,217,2016-07-06T16:35:25Z
"AngularJS for Beginners, Single-Page Applications Made Easy",200,1284,46,2014-11-18T06:03:56Z
Building a Social Network in PHP & MySQL From Scratch,50,869,125,2015-03-17T16:54:15Z
XML DOM - Crash Course for Beginners,45,396,6,2017-02-19T23:41:32Z
Create a Powerful Website with the Cool Bootstrap Framework,Free,7142,41,2016-02-02T23:35:43Z
HTML5 and CSS3 -Start building beautiful websites,150,1414,14,2015-05-14T22:21:39Z
Getting Started as a Web Developer,Free,9833,241,2014-08-16T22:20:47Z
Learn Laravel: Create Your Web App Step-By-Step,45,604,47,2015-05-20T19:48:45Z
Professional Web Scraping with Java,50,685,37,2016-05-16T00:11:41Z
3D Programming with WebGL and Babylon.js for Beginners,200,549,49,2015-08-31T21:07:26Z
Learn to make a colorful one page website,200,1220,16,2015-06-05T18:09:58Z
WordPress Plugin Tutorial,40,1588,8,2015-05-14T21:38:00Z
Introduction to HTML,Free,8371,212,2014-08-30T01:33:38Z
Learn JavaScript From Scratch:Become Top Rated Web Developer,65,2570,17,2017-06-29T18:10:15Z
"Installing Wordpress 4 - Installation, Registrars & Hosting",45,6117,188,2014-10-31T07:21:32Z
Learn PHP Programming for Absolute Beginners,35,5368,78,2015-08-05T18:47:48Z
WordPress for Beginners 2017 + Google AdSense Implementation,195,2225,14,2017-06-05T18:20:34Z
JavaScript for beginners in 1 hour,95,2086,56,2016-12-12T16:52:38Z
HTML5 and CSS for Beginner To Expert,20,1732,15,2017-06-06T22:27:23Z
Become a Kick-Ass Web Developer: From Newbie to Pro,200,6751,44,2014-10-02T15:47:45Z
Django Tutorial: Build Your First App Fast & Free! ,20,5228,180,2015-09-08T00:17:23Z
Create a social network using PHP Mysqli HTML Css and JQuery,40,1477,17,2017-04-24T00:18:42Z
PHP - Send and Receive Mobile Text Messages (SMS),50,1626,81,2016-06-15T23:04:19Z
Complete PHP Course with OOP Start to Finish!,200,4529,54,2015-11-26T22:25:33Z
Coding Made Easy: HTML & CSS For Beginners,40,3254,92,2016-06-07T17:35:07Z
WordPress Security - The Ultimate Security Guide,60,2267,17,2015-01-04T20:28:06Z
How to Make a Single Page Website for Freelancers & Agencies,Free,17463,283,2015-10-15T20:13:38Z
Learn to Use jQuery UI Widgets,Free,23669,521,2013-06-23T02:38:19Z
Learn to Create Responsive Layouts in 30 Minutes,Free,5301,174,2017-01-17T22:26:51Z
Web Building Starter Pack. Html Css and JQuery Animations,30,1033,16,2016-10-07T21:58:04Z
Getting Started with Angular 2+,Free,6909,401,2017-04-27T22:25:40Z
Intro to PHP Web Application Development with Symfony,200,4040,72,2013-09-06T02:34:20Z
Learn OAuth 2.0 - Theory and Hands On,145,546,69,2016-10-17T22:18:40Z
Learning CSS3 - A Comprehensive Tutorial For Web Developers,50,2459,107,2012-05-24T21:14:57Z
Professional WordPress Theme Development from Scratch,200,1284,173,2015-10-13T00:41:30Z
PHP Zend Framework 1.11:Creating a CRUD Application,40,1122,5,2016-11-24T04:49:57Z
Write quicker HTML5 and CSS 3; productivity hacks with emmet,Free,13016,286,2016-03-03T17:45:31Z
The Ultimate jQuery Course,20,1098,15,2015-11-13T19:37:48Z
Build an Advanced Single Page with Bootstrap & WordPress,95,481,75,2015-04-08T16:23:36Z
Master all PHP ideas 2017 to build any project,50,376,19,2017-02-12T17:54:34Z
A Beginner's Guide to the Meteor JavaScript Framework,50,898,132,2014-09-27T02:27:57Z
Create an E-commerce website without any coding,20,1393,40,2014-12-18T00:04:38Z
Learn To Build Apps Using Play Framework,40,434,69,2016-06-07T17:38:29Z
Introducing Ionic 2,50,394,78,2016-02-08T20:43:47Z
Learn Laravel with Database Migration & Seeding & Faker,20,263,14,2017-01-09T16:39:16Z
Create a Client Network by Hosting WordPress Sites,35,1061,8,2015-03-02T21:42:06Z
Introduction to PHP Slim Microframework,20,1312,19,2015-08-07T16:53:35Z
ASP :basics for beginners,35,764,7,2016-09-29T15:52:42Z
"WordPress Development With NodeJS, Gulp, Composer & More",25,289,30,2016-10-25T13:47:26Z
Become PHP Facebook Developer: Password-Less Authentication,195,4001,8,2017-05-07T19:30:36Z
How To Create Your Very First Website With HTML and CSS,100,5097,196,2016-04-09T01:56:01Z
Learn JSON for beginners with JavaScript,200,3193,10,2017-06-30T17:40:02Z
Ultimate guide to Social Media Web development integration ,200,11011,13,2015-09-20T18:13:38Z
A Complete Laravel basics from beginner to expert,25,3492,61,2016-12-06T22:07:53Z
JQuery Basics - Learn JQuery From Scratch,100,3559,24,2017-06-18T21:23:07Z
Learn MeteorJS By Building 10 Real World Projects,50,2784,221,2015-07-28T17:23:14Z
JavaScript Basics for Beginners Introduction to coding,150,5495,52,2016-02-17T04:53:50Z
AngularJS Masterclass - Deep Dive & Understand AngularJS,100,2912,309,2015-03-04T22:52:26Z
HTML5 for beginners,195,9687,59,2015-04-24T18:04:21Z
All in one HTML CSS and JQuery,20,3444,35,2017-01-27T22:27:20Z
Responsive Design with NEW Materialize,75,12629,88,2015-07-23T20:03:45Z
Create a Responsive Business Website with WordPress,95,1659,73,2013-03-25T01:44:54Z
PHP webservices,30,1305,25,2016-08-31T16:41:53Z
JavaScript Promises: Applications in ES6 and AngularJS,75,651,52,2015-11-06T19:02:46Z
Learn to build 20 websites and build 14 iOS9 apps with swift,40,1926,9,2015-07-24T21:45:40Z
Professional CSS Flexbox,35,396,130,2016-04-07T23:21:42Z
XML :basics for beginners,40,1062,12,2016-09-26T16:38:41Z
How to create Paypal and Credit card Payment Buttons,65,578,6,2016-11-17T20:57:25Z
Customizr - Learn WordPress with the ultimate creative theme,Free,4735,81,2016-05-05T19:08:34Z
How To Create a Local Wordpress Environment,Free,4306,163,2016-02-07T18:58:40Z
Fun and creative web engineering with Python and Web2py,Free,10917,319,2015-06-09T19:51:50Z
WordPress for Beginners - Build Your First Website in 2017,100,1701,125,2015-06-23T20:16:55Z
Learn to Make an Animated Image Gallery using HTML5,Free,11080,165,2014-11-20T11:37:05Z
Projects in Foundation Framework - Learn By Building 10 Apps,50,636,33,2015-07-27T20:56:27Z
Drupal for Beginners,30,1478,18,2015-01-26T06:54:58Z
Laravel : CRUD Application Using AJAX In Laravel 5.3,20,362,19,2017-01-09T16:52:33Z
Foundations of Front-End Web Development,Free,8337,300,2014-12-12T21:47:15Z
Angular 2 - Superheroic Framework,20,702,21,2016-05-04T16:35:07Z
Social Network Web Development,200,2698,29,2013-09-03T06:29:24Z
For Free - Deploy Quickly Spring Boot on Heroku With MySQL,95,177,19,2016-08-06T07:33:17Z
Building Web Applications with Spring MVC,85,714,48,2014-12-09T13:34:19Z
"HTML5, CSS3 & Bootstrap - How to Create a Responsive Website",20,1062,20,2015-07-31T23:56:22Z
HTML & CSS - Learn to build sleek websites ,55,1552,14,2014-10-21T03:35:47Z
Master Angular 2 - The No Nonsense Course,25,102,27,2016-11-24T04:06:21Z
Master ASP . NET 4 from scratch,50,613,135,2015-08-18T20:58:37Z
CoffeeScript: The Good Partsâ€”Write Better javaScript,50,2152,19,2015-01-13T04:50:51Z
Mastering Magento,85,1063,101,2014-12-15T07:05:38Z
Ultimate JavaScript Strings,Free,3142,117,2016-07-29T12:53:13Z
Your Own Site in 45 Min: The Complete Wordpress Course,120,1566,29,2015-04-20T22:15:17Z
Redirect Your Visitors By Country Easily -Wordpress Tutorial,20,2306,3,2015-02-05T18:04:53Z
Learn Knockout JS Framework from GroundUp,40,633,104,2015-10-15T17:04:20Z
Build Responsive Websites  in an Hour using Portalfin,Free,2859,42,2016-09-25T17:45:52Z
Master Riot: Learn Riot.js from Scratch,125,299,75,2016-07-14T16:57:24Z
Learn W3.CSS,50,1002,7,2016-09-01T17:18:52Z
Learning Axure RP,75,631,103,2015-04-08T19:29:35Z
"Complete guide to install Wordpress, PHP on Cloud,AWS or VPS",50,1386,17,2016-01-06T17:20:55Z
"Kids Coding -Introduction to HTML, CSS and JavaScript",200,2355,143,2012-11-26T20:00:40Z
Introduction to Voice Design with Amazon's Alexa,Free,6742,1036,2016-01-18T00:18:08Z
How to Create a Social Network For a Niche-Related Community,100,1853,34,2015-07-12T22:55:57Z
Webpack 1 & 2 - The Complete Guide,40,252,46,2017-03-10T22:04:41Z
Star Rating Project AJAX with JSON response from PHP MySQL,120,1302,18,2016-01-13T17:02:38Z
Wordpress for beginners :Build Websites Fast without Coding ,50,1658,72,2015-09-08T19:33:25Z
ASP.Net MVC Quick Start,Free,15092,1234,2016-08-23T15:59:10Z
Build a Chatbot integrated Website using Bootstrap 4,50,165,13,2017-04-28T16:54:20Z
How To Create A WordPress Website Without Paying A Developer,20,4333,16,2014-10-20T11:53:12Z
PSD to Bootstrap 3 for Beginners using HTML & CSS,20,976,93,2015-11-03T21:03:34Z
Build Advanced Responsive Websites with Foundation 6 & SASS,200,1276,245,2015-07-08T22:31:50Z
Learn Essential Javascript Fundamentals - Lite,20,1476,27,2016-01-04T18:17:31Z
Learn HTML in 2 hours!,Free,5351,235,2016-05-17T19:11:43Z
Laravel 4 try and enjoy php coding,20,2402,26,2014-10-20T10:48:09Z
Wordpress Beginner Tutorial: Build Your First Website,Free,6402,104,2016-06-21T03:29:46Z
Build Complex Express Sites with Redis and Socket IO,125,223,26,2016-12-22T00:14:13Z
Building a ASP.NET MVC 5 Membership Website,95,654,86,2016-06-26T21:15:57Z
Drupal Views: Introduction to Enhancing Your Drupal Website,105,1262,36,2015-05-07T19:49:34Z
Bootstrap Bootcamp - Responsive web development- 8 projects,100,253,34,2016-12-12T00:23:57Z
Self Advertise Using PowerPoint Twitter and Facebook on ios,20,1780,15,2015-11-17T00:55:11Z
Learning Bootstrap 3 - Tutorial From Infinite Skills,50,1266,90,2013-11-21T23:53:03Z
Practical Web Development: Make Websites Quickly And Easily,20,2389,7,2015-11-29T23:31:46Z
"Learn animation using CSS3, Javascript and HTML5",40,1468,54,2015-03-24T18:43:38Z
Creating Interactive HTML5 Video,25,838,13,2016-06-06T15:24:53Z
Optimizing Wordpress for More Speed and Revenue,Free,2649,16,2017-06-12T22:56:09Z
JavaScript project Learn to create a memory Game and more,95,6000,21,2015-10-02T17:26:20Z
The Complete JavaScript Bootcamp,195,1839,91,2016-06-20T16:56:06Z
JavaScript for Absolute Beginners,20,10689,394,2014-01-21T03:56:12Z
Complete JavaScript Course for Beginners with Easy Examples,200,7449,91,2015-06-08T00:39:47Z
Angular 2 Master Class with Alejandro Rangel,30,4157,206,2016-03-01T00:07:14Z
Quick learning jQuery web development,150,3388,67,2016-04-25T17:04:36Z
Google Blogger Course,60,1343,11,2017-05-05T16:32:38Z
"Ajax in JavaScript and JQuery, with PHP - Creating Chat App",200,3399,85,2015-07-27T20:23:28Z
PHP Tutorial: Learn PHP Basic Programming for Beginners,20,2510,21,2017-03-08T19:04:55Z
Mastering Modern Web Development Using React,195,1537,8,2017-03-13T21:46:44Z
"Full Stack JavaScript: Learn Backbone.js, Node.js & MongoDB",50,6134,93,2016-04-17T20:13:31Z
The Essential Web Developer Course - Build 12 Websites,200,9355,390,2015-11-02T17:41:42Z
Build Powerful Websites & Blogs using WordPress - No Coding,20,1024,14,2016-04-04T17:54:52Z
Learn to Build Web Apps using UnderscoreJS : Code Like a Pro,40,325,37,2015-11-18T17:58:36Z
Building Web Apps Using Flask and Neo4j,50,166,21,2016-06-10T17:41:39Z
Learn Web Animation the Easy Way: An Intro to SVG and GSAP,50,203,33,2015-10-02T17:23:24Z
Build Your Own Membership Website With Joomla,95,1134,9,2014-12-03T17:10:58Z
Learn Spring Security 4 Basics - Hands On,95,216,28,2016-09-19T14:44:43Z
Display and analyze GIS data on the web with Leaflet.js,100,25,4,2017-06-15T21:17:43Z
How to Build a CMS with PHP,50,1096,33,2013-06-07T01:50:46Z
Responsive Web Design with HTML5 and CSS3 - Introduction,35,770,65,2014-01-28T00:45:04Z
Master Typescript : Learn Typescript from scratch,95,424,45,2015-10-16T20:21:09Z
XSD :basics for beginners,35,755,0,2016-09-27T18:01:26Z
Angularjs-WebApi2-EFCodeFirst Web App On 3-Tier Architecture,60,652,48,2017-01-16T21:52:59Z
Css Positioning For Absolute Beginners: A Basic Introduction,65,4797,97,2015-10-30T21:14:58Z
Creating User Authentication System in CodeIgniter,200,2783,9,2016-12-22T12:44:26Z
How to easily Manage your WordPress Website,20,8462,50,2014-02-20T17:28:42Z
Wordpress For Beginners: Create a Professional Website,200,5129,183,2015-06-07T18:57:30Z
"Building a Portfolio in 90 minutes ( HTML, CSS, Js ) ",20,5272,111,2015-07-28T18:09:41Z
Automate Web Development With Gulp JS,20,2784,425,2014-08-23T20:11:57Z
Bootstrap 4 Responsive Web Design and Development,20,3086,17,2017-06-20T16:24:37Z
Intro To HTML & CSS: Web Development For Beginners,20,6008,203,2015-01-24T18:32:40Z
Become Exceptional in HTML and HTML5,20,16486,86,2014-03-21T08:58:42Z
Become a Rockstar Web Developer - Learn By Coding,200,2076,125,2016-03-22T16:51:16Z
Spring 4 Mastercourse: Covers Annotation & XML Configuration,200,1353,53,2016-11-01T22:08:04Z
WordPress Plugin Development for 2017 - Build 14 Plugins,50,3770,108,2015-08-11T20:52:21Z
Single Page Application of MVC 5 Using AngularJS,20,722,53,2015-08-16T18:37:02Z
"Learn to Code in HTML5, CSS3, and JavaScript",20,1404,7,2014-11-13T20:52:11Z
Web Application Development - Learn by Building 3 Web Apps,30,1688,16,2014-06-23T08:06:43Z
Rails Ecommerce App with HTML Template from Themeforest,25,214,34,2016-05-27T18:13:20Z
Writing CSS with {LESS} - Tutorial From Infinite Skills,50,788,21,2013-11-01T18:13:28Z
Login and Registration from Scratch with PHP and MySQL,20,1128,77,2012-10-24T09:54:08Z
Getting Started with Magento,85,608,88,2014-11-21T09:09:23Z
Ruby on Rails Foundations,20,359,45,2015-11-16T17:28:36Z
Core Concepts in HTML 5,75,1532,19,2014-07-30T22:16:40Z
Learn Azure Cloud Step by Step,20,791,29,2016-02-08T17:29:35Z
Learn Facebook Flux Architecture for Web Applications,40,395,26,2015-11-05T21:16:07Z
"Create free, fast and secure static website",50,322,9,2016-07-21T15:30:23Z
Object Orientation in PHP,20,151,40,2016-02-29T22:40:52Z
Creating Custom Web Maps,50,208,48,2016-06-10T17:26:48Z
Build A YouTube Downloader With C# And GitHub,20,385,39,2015-11-10T21:57:19Z
Querying Microsoft SQL Server 2012 - (Exam No. 70-461),85,666,89,2015-03-12T21:20:41Z
HTTP Clients with Laravel: Use and Consume Services and APIs,65,237,22,2016-07-18T19:09:21Z
Modern E-Commerce Store In php & mysqli With Bootstrap,50,240,45,2016-12-09T16:18:49Z
Simple And Easy: Wordpress For Beginners,Free,5014,196,2015-08-09T23:12:40Z
Create Website from scratch in Urdu & Hindi,Free,3033,91,2016-06-05T15:48:54Z
Advance Unix : File Processing: AWK | GREP | VIM,20,458,2,2017-05-03T18:11:54Z
Introduction to Node.js Development,55,1779,48,2014-08-28T03:28:55Z
Advance JavaScript for Coders: Learn OOP in JavaScript,40,334,41,2016-05-13T18:28:07Z
Web Development With Google Maps,50,222,9,2017-01-03T15:44:32Z
jQuery UI Ultimate:Design Amazing Interfaces Using jQuery UI,145,422,86,2016-06-08T19:47:11Z
Learn Spring Security 4 Intermediate - Hands On,95,227,16,2016-10-03T16:16:36Z
Learning Path: The Road to Elasticsearch,200,50,5,2017-05-29T17:56:24Z
HTML/CSS Bootcamp,40,194,26,2016-10-18T15:11:13Z
JavaScript High Performance,95,458,28,2015-06-12T20:39:37Z
Node:js : Building Rest Apis with Sails.js,100,61,9,2017-04-27T16:49:06Z
Fundamentals of Angular 2 Full Stack Design,95,314,43,2016-04-21T15:10:14Z
Create Newsletter Subscription Form with PHP/AJAX in 40 Min,50,586,10,2015-11-11T20:51:09Z
AppML :basics for beginners,30,770,0,2016-09-27T18:41:31Z
How to manage your own VPS and create websites,120,735,16,2015-09-17T17:37:57Z
Learn BuddyPress: Build A Social Network with WordPress,20,1299,15,2015-01-29T05:32:25Z
HTML FOR BEGINNERS,20,791,8,2014-01-19T17:33:55Z
XML XQuery - Crash Course for Beginners,45,426,4,2017-02-19T22:52:36Z
Simplified Cross Browser Web Testing Using VirtualBox,20,796,3,2016-09-13T00:45:39Z
JavaScript and jQuery Basics: Start The Journey,25,1316,22,2015-09-21T00:53:26Z
How to Install WordPress From Scratch,Free,8415,56,2014-07-19T23:03:39Z
CSS :basics for beginners,30,1085,8,2016-08-29T14:34:31Z
"WordPress Development - Themes, Plugins & Single Page Apps",150,817,164,2016-03-02T06:26:16Z
Learn Effective HTML in No Time!,40,1275,11,2015-10-12T21:38:50Z
HTML5 Geolocation in Depth:Build 7 HTML5 Geolocation Apps,90,1526,72,2015-05-26T00:00:59Z
Building a Search Engine in PHP & MySQL,Free,10110,379,2014-02-03T18:07:52Z
create a search engine for your website!,20,1832,6,2014-07-17T18:28:04Z
Learn basics of HTML in 30 Minutes,20,945,17,2016-09-02T16:37:09Z
JavaScript from Scratch for Very Beginners,30,1272,31,2014-12-22T10:08:19Z
Learn Web Development by Creating a Social Network,200,442,48,2015-12-30T16:53:44Z
CSS Image filters - The modern web images color manipulation,Free,6315,53,2014-12-10T19:43:40Z
Building Responsive Websites with Bootstrap 3 Framework,75,1322,14,2015-07-22T22:54:03Z
Create a Membership Site with Wishlist Member & Wordpress,95,557,39,2015-03-31T00:48:23Z
Convert HTML Websites into PHP: Learn by Doing in 40 Minutes,50,540,13,2015-11-12T17:53:12Z
17 Complete JavaScript   projects explained step by step,185,327,26,2016-10-26T14:03:38Z
Mastering Unix : AWK Commands,20,358,0,2017-05-03T22:21:05Z
Cakephp:Creating a CRUD application,40,803,2,2016-11-22T17:55:42Z
HTML and CSS: A Guide to Web Design,25,1557,13,2015-06-02T22:41:13Z
Drupal 8 Site Building,Free,1942,23,2017-05-02T05:15:52Z
Learn Bootstrap 4 The Most Popular HTML5 CSS3 & JS Framework,200,279,37,2017-04-25T00:57:35Z
Essentials of Spring 5.0 for Developers,125,34,2,2017-06-11T18:34:40Z
The Extreme Web Development Course - For Beginners,200,1420,62,2016-09-04T20:51:08Z
JQuery DOM and Ajax Concept Explained for Beginners,35,1812,112,2016-04-27T15:26:57Z
HTML Forms For Beginners: A Basic Introduction  ,45,2472,41,2015-11-05T17:49:01Z
Ultimate JavaScript Objects,20,1525,43,2016-07-07T21:00:57Z
The Complete Web Developer Course - Build 20 Websites,20,2650,61,2015-03-26T22:11:15Z
"Simple Javascript: Learn by Doing, Beginners Welcome!",25,2753,10,2015-09-07T17:55:11Z
"Learn HTML, CSS, and Ruby on Rails: Build Your First Blog",20,2985,40,2016-11-29T23:41:06Z
Learn HTML5 Canvas for beginners,100,2360,12,2016-03-01T17:53:34Z
Bootstrap 4 Beginners: Code a Responsive Landing Page,30,948,193,2016-09-13T16:54:49Z
Build Wordpress CMS Clone with Laravel 5,150,392,81,2016-12-19T22:00:20Z
XML DTD - Crash Course for Beginners,45,944,1,2017-02-18T20:21:12Z
Beginner Photoshop to HTML5 and CSS3,Free,73110,1716,2012-07-27T12:54:57Z
XPATH :basics for beginners,40,878,6,2016-09-27T15:20:47Z
The Fastest Way to Create a Website Using Godaddy,30,1454,14,2015-11-09T20:44:25Z
A how to guide in HTML,Free,7318,205,2014-08-10T20:19:10Z
Building Better APIs with GraphQL,50,555,89,2015-11-29T22:02:02Z
Learn Grunt with Examples: Automate Your Front End Workflow,20,496,113,2014-12-19T21:38:54Z
Build A Stock Downloader With Visual Studio 2015 And C#,20,436,36,2015-11-19T17:22:47Z
jQuery UI in Action: Build 5 jQuery UI Projects,150,382,28,2016-10-10T22:00:32Z
Learn jQuery from Scratch - Master of JavaScript library,100,1040,14,2016-06-14T17:36:46Z
How To Design A WordPress Website With No Coding At All,25,306,3,2017-03-10T22:24:30Z
Learn and Build using Polymer,40,513,169,2015-12-30T16:41:42Z
CSS Animations: Create Amazing Effects on Your Website,50,300,31,2016-08-11T19:06:15Z
Using MODX CMS to Build Websites: A Beginner's Guide,45,901,36,2014-09-28T19:51:11Z